
______  __   __    ___ 
| ___ \ \ \ / /   /   |
| |_/ /  \ V /   / /| |
|  __/   /   \  / /_| |
| |     / /^\ \ \___  |
\_|     \/   \/     |_/

px4 starting.

INFO  [px4] startup script: /bin/sh etc/init.d-posix/rcS 0
INFO  [init] found model autostart file as SYS_AUTOSTART=4001
INFO  [param] selected parameter default file parameters.bson
INFO  [param] importing from 'parameters.bson'
INFO  [parameters] BSON document size 645 bytes, decoded 645 bytes (INT32:18, FLOAT:13)
INFO  [param] selected parameter backup file parameters_backup.bson
INFO  [dataman] data manager file './dataman' size is 7872608 bytes
INFO  [init] Gazebo simulator
INFO  [init] starting gazebo with world: /src/gs25122/PX4-Autopilot/Tools/simulation/gz/worlds/default.sdf
INFO  [init] PX4_GZ_MODEL_POSE set, spawning at: 0,0,0,0,0,0
INFO  [lockstep_scheduler] setting initial absolute time to 8000 us
INFO  [gz_bridge] world: default, model name: x500_0, simulation model: x500
INFO  [gz_bridge] Requested Model Position: 0,0,0,0,0,0
INFO  [gz_bridge] Model position z is less or equal 0.0, moving upwards
WARN  [vehicle_angular_velocity] no gyro selected, using sensor_gyro:0 1310988
INFO  [commander] LED: open /dev/led0 failed (22)
INFO  [tone_alarm] home set
INFO  [uxrce_dds_client] init UDP agent IP:127.0.0.1, port:8888
INFO  [mavlink] mode: Normal, data rate: 4000000 B/s on udp port 18570 remote port 14550
INFO  [mavlink] mode: Onboard, data rate: 4000000 B/s on udp port 14580 remote port 14540
INFO  [mavlink] mode: Onboard, data rate: 4000 B/s on udp port 14280 remote port 14030
INFO  [mavlink] mode: Gimbal, data rate: 400000 B/s on udp port 13030 remote port 13280
INFO  [logger] logger started (mode=all)
INFO  [logger] Start file log (type: full)
INFO  [logger] [logger] ./log/2026-09-02/05_50_17.ulg	
INFO  [logger] Opened full log file: ./log/2026-09-02/05_50_17.ulg
INFO  [mavlink] MAVLink only on localhost (set param MAV_{i}_BROADCAST = 1 to enable network)
INFO  [mavlink] MAVLink only on localhost (set param MAV_{i}_BROADCAST = 1 to enable network)
INFO  [px4] Startup script returned successfully
WARN  [health_and_arming_checks] Preflight Fail: vertical velocity unstable
INFO  [commander] [32mReady for takeoff![0m
INFO  [uxrce_dds_client] synchronized with time offset 1788328216820296us
INFO  [uxrce_dds_client] successfully created rt/fmu/out/battery_status data writer, topic id: 19
INFO  [uxrce_dds_client] successfully created rt/fmu/out/estimator_status_flags data writer, topic id: 87
INFO  [uxrce_dds_client] successfully created rt/fmu/out/failsafe_flags data writer, topic id: 93
INFO  [uxrce_dds_client] successfully created rt/fmu/out/manual_control_setpoint data writer, topic id: 141
INFO  [uxrce_dds_client] successfully created rt/fmu/out/position_setpoint_triplet data writer, topic id: 180
INFO  [uxrce_dds_client] successfully created rt/fmu/out/sensor_combined data writer, topic id: 203
INFO  [uxrce_dds_client] successfully created rt/fmu/out/timesync_status data writer, topic id: 226
INFO  [uxrce_dds_client] successfully created rt/fmu/out/vehicle_attitude data writer, topic id: 242
INFO  [uxrce_dds_client] successfully created rt/fmu/out/vehicle_attitude_groundtruth data writer, topic id: 243
INFO  [uxrce_dds_client] successfully created rt/fmu/out/vehicle_control_mode data writer, topic id: 249
INFO  [uxrce_dds_client] successfully created rt/fmu/out/vehicle_global_position data writer, topic id: 250
INFO  [uxrce_dds_client] successfully created rt/fmu/out/vehicle_gps_position data writer, topic id: 252
INFO  [uxrce_dds_client] successfully created rt/fmu/out/vehicle_local_position data writer, topic id: 256
INFO  [uxrce_dds_client] successfully created rt/fmu/out/vehicle_local_position_groundtruth data writer, topic id: 257
INFO  [uxrce_dds_client] successfully created rt/fmu/out/vehicle_odometry data writer, topic id: 261
INFO  [uxrce_dds_client] successfully created rt/fmu/out/vehicle_status data writer, topic id: 266
INFO  [uxrce_dds_client] time sync converged
WARN  [timesync] time jump detected. Resetting time synchroniser.
WARN  [uxrce_dds_client] time sync no longer converged
INFO  [uxrce_dds_client] time sync converged
INFO  [commander] Armed by external command	
INFO  [tone_alarm] arming warning
INFO  [uxrce_dds_client] successfully created rt/fmu/out/vehicle_command_ack data writer, topic id: 246
INFO  [commander] Takeoff detected	
WARN  [timesync] time jump detected. Resetting time synchroniser.
WARN  [uxrce_dds_client] time sync no longer converged
INFO  [uxrce_dds_client] time sync converged
WARN  [timesync] time jump detected. Resetting time synchroniser.
WARN  [uxrce_dds_client] time sync no longer converged
INFO  [uxrce_dds_client] time sync converged
WARN  [timesync] time jump detected. Resetting time synchroniser.
WARN  [uxrce_dds_client] time sync no longer converged
INFO  [uxrce_dds_client] time sync converged
WARN  [timesync] time jump detected. Resetting time synchroniser.
WARN  [uxrce_dds_client] time sync no longer converged
INFO  [uxrce_dds_client] time sync converged
INFO  [commander] Landing at current position	
WARN  [health_and_arming_checks] Preflight Fail: Attitude failure (roll)
WARN  [failsafe] Failsafe activated	
WARN  [failsafe] Failsafe activated	
WARN  [timesync] time jump detected. Resetting time synchroniser.
WARN  [uxrce_dds_client] time sync no longer converged
INFO  [uxrce_dds_client] time sync converged
INFO  [commander] Landing detected	
INFO  [uxrce_dds_client] successfully created rt/fmu/out/mode_completed data writer, topic id: 150
INFO  [commander] Disarmed by landing	
INFO  [tone_alarm] notify neutral
INFO  [vehicle_imu] ACC 0 (1310988) offset committed: [-0.026 -0.239 -0.017]->[0.033 0.071 0.030])
INFO  [vehicle_imu] GYRO 0 (1310988) offset committed: [-0.002 -0.000 0.001]->[0.007 0.000 -0.007])
INFO  [logger] closed logfile, bytes written: 28707030
WARN  [timesync] time jump detected. Resetting time synchroniser.
WARN  [uxrce_dds_client] time sync no longer converged
INFO  [uxrce_dds_client] time sync converged
WARN  [timesync] time jump detected. Resetting time synchroniser.
WARN  [uxrce_dds_client] time sync no longer converged
INFO  [uxrce_dds_client] time sync converged
WARN  [health_and_arming_checks] Preflight Fail: Yaw estimate error
WARN  [timesync] time jump detected. Resetting time synchroniser.
WARN  [uxrce_dds_client] time sync no longer converged
INFO  [uxrce_dds_client] time sync converged
WARN  [health_and_arming_checks] Preflight Fail: Yaw estimate error
WARN  [timesync] time jump detected. Resetting time synchroniser.
WARN  [uxrce_dds_client] time sync no longer converged
INFO  [uxrce_dds_client] time sync converged
WARN  [health_and_arming_checks] Preflight Fail: Yaw estimate error
WARN  [timesync] time jump detected. Resetting time synchroniser.
WARN  [uxrce_dds_client] time sync no longer converged
INFO  [uxrce_dds_client] time sync converged
WARN  [timesync] time jump detected. Resetting time synchroniser.
WARN  [uxrce_dds_client] time sync no longer converged
INFO  [uxrce_dds_client] time sync converged
WARN  [health_and_arming_checks] Preflight Fail: Yaw estimate error
WARN  [timesync] time jump detected. Resetting time synchroniser.
WARN  [uxrce_dds_client] time sync no longer converged
INFO  [uxrce_dds_client] time sync converged
WARN  [health_and_arming_checks] Preflight Fail: Yaw estimate error
WARN  [timesync] time jump detected. Resetting time synchroniser.
WARN  [uxrce_dds_client] time sync no longer converged
INFO  [uxrce_dds_client] time sync converged
WARN  [timesync] time jump detected. Resetting time synchroniser.
WARN  [uxrce_dds_client] time sync no longer converged
INFO  [uxrce_dds_client] time sync converged
WARN  [health_and_arming_checks] Preflight Fail: Yaw estimate error
WARN  [timesync] time jump detected. Resetting time synchroniser.
WARN  [uxrce_dds_client] time sync no longer converged
INFO  [uxrce_dds_client] time sync converged
WARN  [timesync] time jump detected. Resetting time synchroniser.
WARN  [uxrce_dds_client] time sync no longer converged
INFO  [uxrce_dds_client] time sync converged
WARN  [health_and_arming_checks] Preflight Fail: Yaw estimate error
WARN  [timesync] time jump detected. Resetting time synchroniser.
WARN  [uxrce_dds_client] time sync no longer converged
INFO  [uxrce_dds_client] time sync converged
WARN  [timesync] time jump detected. Resetting time synchroniser.
WARN  [uxrce_dds_client] time sync no longer converged
INFO  [uxrce_dds_client] time sync converged
WARN  [timesync] time jump detected. Resetting time synchroniser.
WARN  [uxrce_dds_client] time sync no longer converged
INFO  [uxrce_dds_client] time sync converged
WARN  [timesync] time jump detected. Resetting time synchroniser.
WARN  [uxrce_dds_client] time sync no longer converged
INFO  [uxrce_dds_client] time sync converged
WARN  [timesync] time jump detected. Resetting time synchroniser.
WARN  [uxrce_dds_client] time sync no longer converged
INFO  [uxrce_dds_client] time sync converged
WARN  [timesync] time jump detected. Resetting time synchroniser.
WARN  [uxrce_dds_client] time sync no longer converged
INFO  [uxrce_dds_client] time sync converged
WARN  [timesync] time jump detected. Resetting time synchroniser.
WARN  [uxrce_dds_client] time sync no longer converged
WARN  [health_and_arming_checks] Preflight Fail: Yaw estimate error
INFO  [uxrce_dds_client] time sync converged
WARN  [timesync] time jump detected. Resetting time synchroniser.
WARN  [uxrce_dds_client] time sync no longer converged
INFO  [uxrce_dds_client] time sync converged
WARN  [timesync] time jump detected. Resetting time synchroniser.
WARN  [uxrce_dds_client] time sync no longer converged
INFO  [uxrce_dds_client] time sync converged
WARN  [timesync] time jump detected. Resetting time synchroniser.
WARN  [uxrce_dds_client] time sync no longer converged
INFO  [uxrce_dds_client] time sync converged
WARN  [health_and_arming_checks] Preflight Fail: Yaw estimate error
WARN  [timesync] time jump detected. Resetting time synchroniser.
WARN  [uxrce_dds_client] time sync no longer converged
INFO  [uxrce_dds_client] time sync converged
WARN  [timesync] time jump detected. Resetting time synchroniser.
WARN  [uxrce_dds_client] time sync no longer converged
WARN  [health_and_arming_checks] Preflight Fail: Yaw estimate error
INFO  [uxrce_dds_client] time sync converged
WARN  [timesync] time jump detected. Resetting time synchroniser.
WARN  [uxrce_dds_client] time sync no longer converged
INFO  [uxrce_dds_client] time sync converged
WARN  [health_and_arming_checks] Preflight Fail: Yaw estimate error
WARN  [health_and_arming_checks] Preflight Fail: Yaw estimate error
WARN  [timesync] time jump detected. Resetting time synchroniser.
WARN  [uxrce_dds_client] time sync no longer converged
INFO  [uxrce_dds_client] time sync converged
WARN  [health_and_arming_checks] Preflight Fail: Yaw estimate error
WARN  [timesync] time jump detected. Resetting time synchroniser.
WARN  [uxrce_dds_client] time sync no longer converged
INFO  [uxrce_dds_client] time sync converged
WARN  [timesync] time jump detected. Resetting time synchroniser.
WARN  [uxrce_dds_client] time sync no longer converged
INFO  [uxrce_dds_client] time sync converged
WARN  [timesync] time jump detected. Resetting time synchroniser.
WARN  [uxrce_dds_client] time sync no longer converged
INFO  [uxrce_dds_client] time sync converged
WARN  [timesync] time jump detected. Resetting time synchroniser.
WARN  [uxrce_dds_client] time sync no longer converged
INFO  [uxrce_dds_client] time sync converged
WARN  [health_and_arming_checks] Preflight Fail: Yaw estimate error
WARN  [health_and_arming_checks] Preflight Fail: Yaw estimate error
WARN  [timesync] time jump detected. Resetting time synchroniser.
WARN  [uxrce_dds_client] time sync no longer converged
INFO  [uxrce_dds_client] time sync converged
WARN  [timesync] time jump detected. Resetting time synchroniser.
WARN  [uxrce_dds_client] time sync no longer converged
INFO  [uxrce_dds_client] time sync converged
WARN  [timesync] time jump detected. Resetting time synchroniser.
WARN  [uxrce_dds_client] time sync no longer converged
INFO  [uxrce_dds_client] time sync converged
WARN  [health_and_arming_checks] Preflight Fail: Yaw estimate error
WARN  [timesync] time jump detected. Resetting time synchroniser.
WARN  [uxrce_dds_client] time sync no longer converged
INFO  [uxrce_dds_client] time sync converged
WARN  [timesync] time jump detected. Resetting time synchroniser.
WARN  [uxrce_dds_client] time sync no longer converged
INFO  [uxrce_dds_client] time sync converged
WARN  [timesync] time jump detected. Resetting time synchroniser.
WARN  [uxrce_dds_client] time sync no longer converged
INFO  [uxrce_dds_client] time sync converged
WARN  [timesync] time jump detected. Resetting time synchroniser.
WARN  [uxrce_dds_client] time sync no longer converged
INFO  [uxrce_dds_client] time sync converged
WARN  [timesync] time jump detected. Resetting time synchroniser.
WARN  [uxrce_dds_client] time sync no longer converged
INFO  [uxrce_dds_client] time sync converged
WARN  [timesync] time jump detected. Resetting time synchroniser.
WARN  [uxrce_dds_client] time sync no longer converged
WARN  [health_and_arming_checks] Preflight Fail: Yaw estimate error
INFO  [uxrce_dds_client] time sync converged
WARN  [timesync] time jump detected. Resetting time synchroniser.
WARN  [uxrce_dds_client] time sync no longer converged
INFO  [uxrce_dds_client] time sync converged
WARN  [timesync] time jump detected. Resetting time synchroniser.
WARN  [uxrce_dds_client] time sync no longer converged
INFO  [uxrce_dds_client] time sync converged
WARN  [timesync] time jump detected. Resetting time synchroniser.
WARN  [uxrce_dds_client] time sync no longer converged
INFO  [uxrce_dds_client] time sync converged
WARN  [timesync] time jump detected. Resetting time synchroniser.
WARN  [uxrce_dds_client] time sync no longer converged
INFO  [uxrce_dds_client] time sync converged
WARN  [timesync] time jump detected. Resetting time synchroniser.
WARN  [uxrce_dds_client] time sync no longer converged
INFO  [uxrce_dds_client] time sync converged
WARN  [timesync] time jump detected. Resetting time synchroniser.
WARN  [uxrce_dds_client] time sync no longer converged
INFO  [uxrce_dds_client] time sync converged
WARN  [timesync] time jump detected. Resetting time synchroniser.
WARN  [uxrce_dds_client] time sync no longer converged
INFO  [uxrce_dds_client] time sync converged
WARN  [timesync] time jump detected. Resetting time synchroniser.
WARN  [uxrce_dds_client] time sync no longer converged
INFO  [uxrce_dds_client] time sync converged
WARN  [health_and_arming_checks] Preflight Fail: Yaw estimate error
WARN  [timesync] time jump detected. Resetting time synchroniser.
WARN  [uxrce_dds_client] time sync no longer converged
INFO  [uxrce_dds_client] time sync converged
WARN  [timesync] time jump detected. Resetting time synchroniser.
WARN  [uxrce_dds_client] time sync no longer converged
INFO  [uxrce_dds_client] time sync converged
WARN  [timesync] time jump detected. Resetting time synchroniser.
WARN  [uxrce_dds_client] time sync no longer converged
INFO  [uxrce_dds_client] time sync converged
WARN  [timesync] time jump detected. Resetting time synchroniser.
WARN  [uxrce_dds_client] time sync no longer converged
INFO  [uxrce_dds_client] time sync converged
WARN  [timesync] time jump detected. Resetting time synchroniser.
WARN  [uxrce_dds_client] time sync no longer converged
INFO  [uxrce_dds_client] time sync converged
WARN  [timesync] time jump detected. Resetting time synchroniser.
WARN  [uxrce_dds_client] time sync no longer converged
INFO  [uxrce_dds_client] time sync converged
WARN  [health_and_arming_checks] Preflight Fail: Yaw estimate error
WARN  [timesync] time jump detected. Resetting time synchroniser.
WARN  [uxrce_dds_client] time sync no longer converged
INFO  [uxrce_dds_client] time sync converged
WARN  [health_and_arming_checks] Preflight Fail: Yaw estimate error
WARN  [timesync] time jump detected. Resetting time synchroniser.
WARN  [uxrce_dds_client] time sync no longer converged
INFO  [uxrce_dds_client] time sync converged
WARN  [timesync] time jump detected. Resetting time synchroniser.
WARN  [uxrce_dds_client] time sync no longer converged
INFO  [uxrce_dds_client] time sync converged
WARN  [timesync] time jump detected. Resetting time synchroniser.
WARN  [uxrce_dds_client] time sync no longer converged
INFO  [uxrce_dds_client] time sync converged
WARN  [timesync] time jump detected. Resetting time synchroniser.
WARN  [uxrce_dds_client] time sync no longer converged
INFO  [uxrce_dds_client] time sync converged
WARN  [health_and_arming_checks] Preflight Fail: Yaw estimate error
WARN  [timesync] time jump detected. Resetting time synchroniser.
WARN  [uxrce_dds_client] time sync no longer converged
INFO  [uxrce_dds_client] time sync converged
WARN  [health_and_arming_checks] Preflight Fail: High Accelerometer Bias
WARN  [timesync] time jump detected. Resetting time synchroniser.
WARN  [uxrce_dds_client] time sync no longer converged
INFO  [uxrce_dds_client] time sync converged
WARN  [timesync] time jump detected. Resetting time synchroniser.
WARN  [uxrce_dds_client] time sync no longer converged
INFO  [uxrce_dds_client] time sync converged
WARN  [timesync] time jump detected. Resetting time synchroniser.
WARN  [uxrce_dds_client] time sync no longer converged
INFO  [uxrce_dds_client] time sync converged
WARN  [timesync] time jump detected. Resetting time synchroniser.
WARN  [uxrce_dds_client] time sync no longer converged
INFO  [uxrce_dds_client] time sync converged
WARN  [timesync] time jump detected. Resetting time synchroniser.
WARN  [uxrce_dds_client] time sync no longer converged
INFO  [uxrce_dds_client] time sync converged
WARN  [timesync] time jump detected. Resetting time synchroniser.
WARN  [uxrce_dds_client] time sync no longer converged
INFO  [uxrce_dds_client] time sync converged
WARN  [timesync] time jump detected. Resetting time synchroniser.
WARN  [uxrce_dds_client] time sync no longer converged
INFO  [uxrce_dds_client] time sync converged
WARN  [timesync] time jump detected. Resetting time synchroniser.
WARN  [uxrce_dds_client] time sync no longer converged
INFO  [uxrce_dds_client] time sync converged
WARN  [health_and_arming_checks] Preflight Fail: Yaw estimate error
WARN  [timesync] time jump detected. Resetting time synchroniser.
WARN  [uxrce_dds_client] time sync no longer converged
INFO  [uxrce_dds_client] time sync converged
WARN  [health_and_arming_checks] Preflight Fail: Yaw estimate error
WARN  [timesync] time jump detected. Resetting time synchroniser.
WARN  [uxrce_dds_client] time sync no longer converged
INFO  [uxrce_dds_client] time sync converged
WARN  [timesync] time jump detected. Resetting time synchroniser.
WARN  [uxrce_dds_client] time sync no longer converged
INFO  [uxrce_dds_client] time sync converged
WARN  [timesync] time jump detected. Resetting time synchroniser.
WARN  [uxrce_dds_client] time sync no longer converged
INFO  [uxrce_dds_client] time sync converged
WARN  [health_and_arming_checks] Preflight Fail: High Accelerometer Bias
WARN  [timesync] time jump detected. Resetting time synchroniser.
WARN  [uxrce_dds_client] time sync no longer converged
INFO  [uxrce_dds_client] time sync converged
WARN  [health_and_arming_checks] Preflight Fail: Yaw estimate error
WARN  [health_and_arming_checks] Preflight Fail: High Accelerometer Bias
WARN  [health_and_arming_checks] Preflight Fail: High Accelerometer Bias
WARN  [timesync] time jump detected. Resetting time synchroniser.
WARN  [uxrce_dds_client] time sync no longer converged
INFO  [uxrce_dds_client] time sync converged
WARN  [timesync] time jump detected. Resetting time synchroniser.
WARN  [uxrce_dds_client] time sync no longer converged
INFO  [uxrce_dds_client] time sync converged
WARN  [timesync] time jump detected. Resetting time synchroniser.
WARN  [uxrce_dds_client] time sync no longer converged
INFO  [uxrce_dds_client] time sync converged
WARN  [timesync] time jump detected. Resetting time synchroniser.
WARN  [uxrce_dds_client] time sync no longer converged
INFO  [uxrce_dds_client] time sync converged
WARN  [timesync] time jump detected. Resetting time synchroniser.
WARN  [uxrce_dds_client] time sync no longer converged
INFO  [uxrce_dds_client] time sync converged
WARN  [timesync] time jump detected. Resetting time synchroniser.
WARN  [uxrce_dds_client] time sync no longer converged
INFO  [uxrce_dds_client] time sync converged
WARN  [timesync] time jump detected. Resetting time synchroniser.
WARN  [uxrce_dds_client] time sync no longer converged
INFO  [uxrce_dds_client] time sync converged
WARN  [timesync] time jump detected. Resetting time synchroniser.
WARN  [uxrce_dds_client] time sync no longer converged
INFO  [uxrce_dds_client] time sync converged
WARN  [timesync] time jump detected. Resetting time synchroniser.
WARN  [uxrce_dds_client] time sync no longer converged
INFO  [uxrce_dds_client] time sync converged
WARN  [timesync] time jump detected. Resetting time synchroniser.
WARN  [uxrce_dds_client] time sync no longer converged
INFO  [uxrce_dds_client] time sync converged
WARN  [timesync] time jump detected. Resetting time synchroniser.
WARN  [uxrce_dds_client] time sync no longer converged
INFO  [uxrce_dds_client] time sync converged
WARN  [timesync] time jump detected. Resetting time synchroniser.
WARN  [uxrce_dds_client] time sync no longer converged
INFO  [uxrce_dds_client] time sync converged
WARN  [timesync] time jump detected. Resetting time synchroniser.
WARN  [uxrce_dds_client] time sync no longer converged
INFO  [uxrce_dds_client] time sync converged
WARN  [health_and_arming_checks] Preflight Fail: High Accelerometer Bias
WARN  [timesync] time jump detected. Resetting time synchroniser.
WARN  [uxrce_dds_client] time sync no longer converged
INFO  [uxrce_dds_client] time sync converged
WARN  [health_and_arming_checks] Preflight Fail: Yaw estimate error
WARN  [health_and_arming_checks] Preflight Fail: High Accelerometer Bias
WARN  [timesync] time jump detected. Resetting time synchroniser.
WARN  [uxrce_dds_client] time sync no longer converged
INFO  [uxrce_dds_client] time sync converged
WARN  [health_and_arming_checks] Preflight Fail: High Accelerometer Bias
WARN  [timesync] time jump detected. Resetting time synchroniser.
WARN  [uxrce_dds_client] time sync no longer converged
INFO  [uxrce_dds_client] time sync converged
WARN  [health_and_arming_checks] Preflight Fail: Yaw estimate error
WARN  [health_and_arming_checks] Preflight Fail: High Accelerometer Bias
WARN  [health_and_arming_checks] Preflight Fail: High Accelerometer Bias
WARN  [timesync] time jump detected. Resetting time synchroniser.
WARN  [uxrce_dds_client] time sync no longer converged
INFO  [uxrce_dds_client] time sync converged
WARN  [timesync] time jump detected. Resetting time synchroniser.
WARN  [uxrce_dds_client] time sync no longer converged
INFO  [uxrce_dds_client] time sync converged
WARN  [health_and_arming_checks] Preflight Fail: Yaw estimate error
WARN  [health_and_arming_checks] Preflight Fail: High Accelerometer Bias
WARN  [health_and_arming_checks] Preflight Fail: High Accelerometer Bias
WARN  [health_and_arming_checks] Preflight Fail: Yaw estimate error
WARN  [health_and_arming_checks] Preflight Fail: High Accelerometer Bias
WARN  [health_and_arming_checks] Preflight Fail: High Accelerometer Bias
WARN  [timesync] time jump detected. Resetting time synchroniser.
WARN  [uxrce_dds_client] time sync no longer converged
INFO  [uxrce_dds_client] time sync converged
WARN  [health_and_arming_checks] Preflight Fail: Yaw estimate error
WARN  [health_and_arming_checks] Preflight Fail: High Accelerometer Bias
WARN  [health_and_arming_checks] Preflight Fail: High Accelerometer Bias
WARN  [health_and_arming_checks] Preflight Fail: Yaw estimate error
WARN  [health_and_arming_checks] Preflight Fail: High Accelerometer Bias
WARN  [health_and_arming_checks] Preflight Fail: High Accelerometer Bias
WARN  [timesync] time jump detected. Resetting time synchroniser.
WARN  [uxrce_dds_client] time sync no longer converged
INFO  [uxrce_dds_client] time sync converged
WARN  [health_and_arming_checks] Preflight Fail: Yaw estimate error
WARN  [health_and_arming_checks] Preflight Fail: High Accelerometer Bias
WARN  [health_and_arming_checks] Preflight Fail: High Accelerometer Bias
WARN  [health_and_arming_checks] Preflight Fail: Yaw estimate error
WARN  [health_and_arming_checks] Preflight Fail: High Accelerometer Bias
WARN  [timesync] time jump detected. Resetting time synchroniser.
WARN  [uxrce_dds_client] time sync no longer converged
INFO  [uxrce_dds_client] time sync converged
WARN  [health_and_arming_checks] Preflight Fail: High Accelerometer Bias
WARN  [timesync] time jump detected. Resetting time synchroniser.
WARN  [uxrce_dds_client] time sync no longer converged
INFO  [uxrce_dds_client] time sync converged
WARN  [health_and_arming_checks] Preflight Fail: Yaw estimate error
WARN  [health_and_arming_checks] Preflight Fail: High Accelerometer Bias
WARN  [health_and_arming_checks] Preflight Fail: High Accelerometer Bias
WARN  [health_and_arming_checks] Preflight Fail: High Accelerometer Bias
WARN  [health_and_arming_checks] Preflight Fail: Yaw estimate error
WARN  [health_and_arming_checks] Preflight Fail: High Accelerometer Bias
WARN  [health_and_arming_checks] Preflight Fail: High Accelerometer Bias
WARN  [health_and_arming_checks] Preflight Fail: High Accelerometer Bias
WARN  [timesync] time jump detected. Resetting time synchroniser.
WARN  [uxrce_dds_client] time sync no longer converged
INFO  [uxrce_dds_client] time sync converged
WARN  [health_and_arming_checks] Preflight Fail: Yaw estimate error
WARN  [health_and_arming_checks] Preflight Fail: High Accelerometer Bias
WARN  [health_and_arming_checks] Preflight Fail: High Accelerometer Bias
WARN  [timesync] time jump detected. Resetting time synchroniser.
WARN  [uxrce_dds_client] time sync no longer converged
INFO  [uxrce_dds_client] time sync converged
WARN  [timesync] time jump detected. Resetting time synchroniser.
WARN  [uxrce_dds_client] time sync no longer converged
INFO  [uxrce_dds_client] time sync converged
WARN  [health_and_arming_checks] Preflight Fail: Yaw estimate error
WARN  [health_and_arming_checks] Preflight Fail: High Accelerometer Bias
WARN  [health_and_arming_checks] Preflight Fail: High Accelerometer Bias
WARN  [timesync] time jump detected. Resetting time synchroniser.
WARN  [uxrce_dds_client] time sync no longer converged
INFO  [uxrce_dds_client] time sync converged
WARN  [timesync] time jump detected. Resetting time synchroniser.
WARN  [uxrce_dds_client] time sync no longer converged
INFO  [uxrce_dds_client] time sync converged
WARN  [health_and_arming_checks] Preflight Fail: Yaw estimate error
WARN  [health_and_arming_checks] Preflight Fail: High Accelerometer Bias
WARN  [health_and_arming_checks] Preflight Fail: High Accelerometer Bias
WARN  [timesync] time jump detected. Resetting time synchroniser.
WARN  [uxrce_dds_client] time sync no longer converged
INFO  [uxrce_dds_client] time sync converged
WARN  [health_and_arming_checks] Preflight Fail: Yaw estimate error
WARN  [health_and_arming_checks] Preflight Fail: High Accelerometer Bias
WARN  [health_and_arming_checks] Preflight Fail: High Accelerometer Bias
WARN  [health_and_arming_checks] Preflight Fail: High Accelerometer Bias
WARN  [health_and_arming_checks] Preflight Fail: High Accelerometer Bias
WARN  [timesync] time jump detected. Resetting time synchroniser.
WARN  [uxrce_dds_client] time sync no longer converged
INFO  [uxrce_dds_client] time sync converged
WARN  [health_and_arming_checks] Preflight Fail: Yaw estimate error
WARN  [health_and_arming_checks] Preflight Fail: High Accelerometer Bias
WARN  [health_and_arming_checks] Preflight Fail: High Accelerometer Bias
WARN  [timesync] time jump detected. Resetting time synchroniser.
WARN  [uxrce_dds_client] time sync no longer converged
WARN  [health_and_arming_checks] Preflight Fail: Yaw estimate error
WARN  [health_and_arming_checks] Preflight Fail: High Accelerometer Bias
INFO  [uxrce_dds_client] time sync converged
WARN  [health_and_arming_checks] Preflight Fail: High Accelerometer Bias
WARN  [health_and_arming_checks] Preflight Fail: High Accelerometer Bias
WARN  [health_and_arming_checks] Preflight Fail: Yaw estimate error
WARN  [health_and_arming_checks] Preflight Fail: High Accelerometer Bias
WARN  [health_and_arming_checks] Preflight Fail: High Accelerometer Bias
WARN  [timesync] time jump detected. Resetting time synchroniser.
WARN  [uxrce_dds_client] time sync no longer converged
INFO  [uxrce_dds_client] time sync converged
WARN  [timesync] time jump detected. Resetting time synchroniser.
WARN  [uxrce_dds_client] time sync no longer converged
INFO  [uxrce_dds_client] time sync converged
WARN  [health_and_arming_checks] Preflight Fail: Yaw estimate error
WARN  [health_and_arming_checks] Preflight Fail: High Accelerometer Bias
WARN  [health_and_arming_checks] Preflight Fail: High Accelerometer Bias
WARN  [health_and_arming_checks] Preflight Fail: Yaw estimate error
WARN  [health_and_arming_checks] Preflight Fail: High Accelerometer Bias
WARN  [health_and_arming_checks] Preflight Fail: High Accelerometer Bias
WARN  [timesync] time jump detected. Resetting time synchroniser.
WARN  [uxrce_dds_client] time sync no longer converged
INFO  [uxrce_dds_client] time sync converged
WARN  [timesync] time jump detected. Resetting time synchroniser.
WARN  [uxrce_dds_client] time sync no longer converged
INFO  [uxrce_dds_client] time sync converged
WARN  [timesync] time jump detected. Resetting time synchroniser.
WARN  [uxrce_dds_client] time sync no longer converged
INFO  [uxrce_dds_client] time sync converged
WARN  [timesync] time jump detected. Resetting time synchroniser.
WARN  [uxrce_dds_client] time sync no longer converged
INFO  [uxrce_dds_client] time sync converged
WARN  [timesync] time jump detected. Resetting time synchroniser.
WARN  [uxrce_dds_client] time sync no longer converged
INFO  [uxrce_dds_client] time sync converged
WARN  [timesync] time jump detected. Resetting time synchroniser.
WARN  [uxrce_dds_client] time sync no longer converged
INFO  [uxrce_dds_client] time sync converged
WARN  [timesync] time jump detected. Resetting time synchroniser.
WARN  [uxrce_dds_client] time sync no longer converged
INFO  [uxrce_dds_client] time sync converged
WARN  [health_and_arming_checks] Preflight Fail: Yaw estimate error
WARN  [health_and_arming_checks] Preflight Fail: High Accelerometer Bias
WARN  [timesync] time jump detected. Resetting time synchroniser.
WARN  [uxrce_dds_client] time sync no longer converged
WARN  [health_and_arming_checks] Preflight Fail: High Accelerometer Bias
INFO  [uxrce_dds_client] time sync converged
WARN  [health_and_arming_checks] Preflight Fail: Yaw estimate error
WARN  [health_and_arming_checks] Preflight Fail: High Accelerometer Bias
WARN  [health_and_arming_checks] Preflight Fail: High Accelerometer Bias
WARN  [timesync] time jump detected. Resetting time synchroniser.
WARN  [uxrce_dds_client] time sync no longer converged
INFO  [uxrce_dds_client] time sync converged
WARN  [timesync] time jump detected. Resetting time synchroniser.
WARN  [uxrce_dds_client] time sync no longer converged
INFO  [uxrce_dds_client] time sync converged
WARN  [health_and_arming_checks] Preflight Fail: Yaw estimate error
WARN  [health_and_arming_checks] Preflight Fail: High Accelerometer Bias
WARN  [health_and_arming_checks] Preflight Fail: High Accelerometer Bias
WARN  [health_and_arming_checks] Preflight Fail: Yaw estimate error
WARN  [health_and_arming_checks] Preflight Fail: High Accelerometer Bias
WARN  [health_and_arming_checks] Preflight Fail: High Accelerometer Bias
WARN  [timesync] time jump detected. Resetting time synchroniser.
WARN  [uxrce_dds_client] time sync no longer converged
INFO  [uxrce_dds_client] time sync converged
WARN  [health_and_arming_checks] Preflight Fail: Yaw estimate error
WARN  [health_and_arming_checks] Preflight Fail: High Accelerometer Bias
WARN  [health_and_arming_checks] Preflight Fail: High Accelerometer Bias
WARN  [timesync] time jump detected. Resetting time synchroniser.
WARN  [uxrce_dds_client] time sync no longer converged
INFO  [uxrce_dds_client] time sync converged
WARN  [timesync] time jump detected. Resetting time synchroniser.
WARN  [uxrce_dds_client] time sync no longer converged
INFO  [uxrce_dds_client] time sync converged
WARN  [health_and_arming_checks] Preflight Fail: Yaw estimate error
WARN  [health_and_arming_checks] Preflight Fail: High Accelerometer Bias
WARN  [health_and_arming_checks] Preflight Fail: High Accelerometer Bias
WARN  [timesync] time jump detected. Resetting time synchroniser.
WARN  [uxrce_dds_client] time sync no longer converged
INFO  [uxrce_dds_client] time sync converged
WARN  [health_and_arming_checks] Preflight Fail: Yaw estimate error
WARN  [health_and_arming_checks] Preflight Fail: High Accelerometer Bias
WARN  [health_and_arming_checks] Preflight Fail: High Accelerometer Bias
WARN  [health_and_arming_checks] Preflight Fail: Yaw estimate error
WARN  [health_and_arming_checks] Preflight Fail: High Accelerometer Bias
WARN  [health_and_arming_checks] Preflight Fail: High Accelerometer Bias
WARN  [timesync] time jump detected. Resetting time synchroniser.
WARN  [uxrce_dds_client] time sync no longer converged
INFO  [uxrce_dds_client] time sync converged
WARN  [timesync] time jump detected. Resetting time synchroniser.
WARN  [uxrce_dds_client] time sync no longer converged
INFO  [uxrce_dds_client] time sync converged
WARN  [health_and_arming_checks] Preflight Fail: Yaw estimate error
WARN  [health_and_arming_checks] Preflight Fail: High Accelerometer Bias
WARN  [health_and_arming_checks] Preflight Fail: High Accelerometer Bias
WARN  [health_and_arming_checks] Preflight Fail: Yaw estimate error
WARN  [health_and_arming_checks] Preflight Fail: High Accelerometer Bias
WARN  [timesync] time jump detected. Resetting time synchroniser.
WARN  [uxrce_dds_client] time sync no longer converged
WARN  [health_and_arming_checks] Preflight Fail: Yaw estimate error
WARN  [health_and_arming_checks] Preflight Fail: High Accelerometer Bias
INFO  [uxrce_dds_client] time sync converged
WARN  [health_and_arming_checks] Preflight Fail: High Accelerometer Bias
WARN  [health_and_arming_checks] Preflight Fail: Yaw estimate error
WARN  [health_and_arming_checks] Preflight Fail: High Accelerometer Bias
WARN  [health_and_arming_checks] Preflight Fail: High Accelerometer Bias
WARN  [health_and_arming_checks] Preflight Fail: Yaw estimate error
WARN  [health_and_arming_checks] Preflight Fail: High Accelerometer Bias
WARN  [health_and_arming_checks] Preflight Fail: High Accelerometer Bias
WARN  [timesync] time jump detected. Resetting time synchroniser.
WARN  [uxrce_dds_client] time sync no longer converged
INFO  [uxrce_dds_client] time sync converged
WARN  [timesync] time jump detected. Resetting time synchroniser.
WARN  [uxrce_dds_client] time sync no longer converged
INFO  [uxrce_dds_client] time sync converged
WARN  [health_and_arming_checks] Preflight Fail: Yaw estimate error
WARN  [health_and_arming_checks] Preflight Fail: High Accelerometer Bias
WARN  [health_and_arming_checks] Preflight Fail: High Accelerometer Bias
WARN  [health_and_arming_checks] Preflight Fail: High Accelerometer Bias
WARN  [timesync] time jump detected. Resetting time synchroniser.
WARN  [uxrce_dds_client] time sync no longer converged
INFO  [uxrce_dds_client] time sync converged
WARN  [timesync] time jump detected. Resetting time synchroniser.
WARN  [uxrce_dds_client] time sync no longer converged
INFO  [uxrce_dds_client] time sync converged
WARN  [health_and_arming_checks] Preflight Fail: Yaw estimate error
WARN  [health_and_arming_checks] Preflight Fail: High Accelerometer Bias
WARN  [health_and_arming_checks] Preflight Fail: High Accelerometer Bias
WARN  [timesync] time jump detected. Resetting time synchroniser.
WARN  [uxrce_dds_client] time sync no longer converged
INFO  [uxrce_dds_client] time sync converged
WARN  [health_and_arming_checks] Preflight Fail: Yaw estimate error
WARN  [health_and_arming_checks] Preflight Fail: High Accelerometer Bias
WARN  [health_and_arming_checks] Preflight Fail: High Accelerometer Bias
WARN  [timesync] time jump detected. Resetting time synchroniser.
WARN  [uxrce_dds_client] time sync no longer converged
INFO  [uxrce_dds_client] time sync converged
WARN  [timesync] time jump detected. Resetting time synchroniser.
WARN  [uxrce_dds_client] time sync no longer converged
INFO  [uxrce_dds_client] time sync converged
WARN  [health_and_arming_checks] Preflight Fail: Yaw estimate error
WARN  [health_and_arming_checks] Preflight Fail: High Accelerometer Bias
WARN  [health_and_arming_checks] Preflight Fail: High Accelerometer Bias
WARN  [timesync] time jump detected. Resetting time synchroniser.
WARN  [uxrce_dds_client] time sync no longer converged
INFO  [uxrce_dds_client] time sync converged
WARN  [health_and_arming_checks] Preflight Fail: Yaw estimate error
WARN  [health_and_arming_checks] Preflight Fail: High Accelerometer Bias
WARN  [health_and_arming_checks] Preflight Fail: High Accelerometer Bias
WARN  [timesync] time jump detected. Resetting time synchroniser.
WARN  [uxrce_dds_client] time sync no longer converged
INFO  [uxrce_dds_client] time sync converged
WARN  [timesync] time jump detected. Resetting time synchroniser.
WARN  [uxrce_dds_client] time sync no longer converged
WARN  [health_and_arming_checks] Preflight Fail: Yaw estimate error
WARN  [health_and_arming_checks] Preflight Fail: High Accelerometer Bias
INFO  [uxrce_dds_client] time sync converged
WARN  [health_and_arming_checks] Preflight Fail: High Accelerometer Bias
WARN  [health_and_arming_checks] Preflight Fail: Yaw estimate error
WARN  [health_and_arming_checks] Preflight Fail: High Accelerometer Bias
WARN  [health_and_arming_checks] Preflight Fail: High Accelerometer Bias
WARN  [timesync] time jump detected. Resetting time synchroniser.
WARN  [uxrce_dds_client] time sync no longer converged
INFO  [uxrce_dds_client] time sync converged
WARN  [timesync] time jump detected. Resetting time synchroniser.
WARN  [uxrce_dds_client] time sync no longer converged
INFO  [uxrce_dds_client] time sync converged
WARN  [timesync] time jump detected. Resetting time synchroniser.
WARN  [uxrce_dds_client] time sync no longer converged
INFO  [uxrce_dds_client] time sync converged
WARN  [timesync] time jump detected. Resetting time synchroniser.
WARN  [uxrce_dds_client] time sync no longer converged
INFO  [uxrce_dds_client] time sync converged
WARN  [timesync] time jump detected. Resetting time synchroniser.
WARN  [uxrce_dds_client] time sync no longer converged
INFO  [uxrce_dds_client] time sync converged
WARN  [timesync] time jump detected. Resetting time synchroniser.
WARN  [uxrce_dds_client] time sync no longer converged
INFO  [uxrce_dds_client] time sync converged
WARN  [timesync] time jump detected. Resetting time synchroniser.
WARN  [uxrce_dds_client] time sync no longer converged
INFO  [uxrce_dds_client] time sync converged
WARN  [timesync] time jump detected. Resetting time synchroniser.
WARN  [uxrce_dds_client] time sync no longer converged
INFO  [uxrce_dds_client] time sync converged
WARN  [health_and_arming_checks] Preflight Fail: Yaw estimate error
WARN  [health_and_arming_checks] Preflight Fail: High Accelerometer Bias
WARN  [health_and_arming_checks] Preflight Fail: High Accelerometer Bias
WARN  [timesync] time jump detected. Resetting time synchroniser.
WARN  [uxrce_dds_client] time sync no longer converged
INFO  [uxrce_dds_client] time sync converged
WARN  [timesync] time jump detected. Resetting time synchroniser.
WARN  [uxrce_dds_client] time sync no longer converged
INFO  [uxrce_dds_client] time sync converged
WARN  [timesync] time jump detected. Resetting time synchroniser.
WARN  [uxrce_dds_client] time sync no longer converged
INFO  [uxrce_dds_client] time sync converged
WARN  [health_and_arming_checks] Preflight Fail: Yaw estimate error
WARN  [health_and_arming_checks] Preflight Fail: High Accelerometer Bias
WARN  [health_and_arming_checks] Preflight Fail: High Accelerometer Bias
WARN  [timesync] time jump detected. Resetting time synchroniser.
WARN  [uxrce_dds_client] time sync no longer converged
INFO  [uxrce_dds_client] time sync converged
WARN  [health_and_arming_checks] Preflight Fail: Yaw estimate error
WARN  [health_and_arming_checks] Preflight Fail: High Accelerometer Bias
WARN  [health_and_arming_checks] Preflight Fail: High Accelerometer Bias
WARN  [timesync] time jump detected. Resetting time synchroniser.
WARN  [uxrce_dds_client] time sync no longer converged
INFO  [uxrce_dds_client] time sync converged
WARN  [timesync] time jump detected. Resetting time synchroniser.
WARN  [uxrce_dds_client] time sync no longer converged
INFO  [uxrce_dds_client] time sync converged
WARN  [timesync] time jump detected. Resetting time synchroniser.
WARN  [uxrce_dds_client] time sync no longer converged
INFO  [uxrce_dds_client] time sync converged
WARN  [timesync] time jump detected. Resetting time synchroniser.
WARN  [uxrce_dds_client] time sync no longer converged
INFO  [uxrce_dds_client] time sync converged
WARN  [timesync] time jump detected. Resetting time synchroniser.
WARN  [uxrce_dds_client] time sync no longer converged
INFO  [uxrce_dds_client] time sync converged
WARN  [health_and_arming_checks] Preflight Fail: Yaw estimate error
WARN  [health_and_arming_checks] Preflight Fail: High Accelerometer Bias
WARN  [health_and_arming_checks] Preflight Fail: High Accelerometer Bias
WARN  [timesync] time jump detected. Resetting time synchroniser.
WARN  [uxrce_dds_client] time sync no longer converged
INFO  [uxrce_dds_client] time sync converged
WARN  [timesync] time jump detected. Resetting time synchroniser.
WARN  [uxrce_dds_client] time sync no longer converged
INFO  [uxrce_dds_client] time sync converged
WARN  [timesync] time jump detected. Resetting time synchroniser.
WARN  [uxrce_dds_client] time sync no longer converged
INFO  [uxrce_dds_client] time sync converged
WARN  [timesync] time jump detected. Resetting time synchroniser.
WARN  [uxrce_dds_client] time sync no longer converged
INFO  [uxrce_dds_client] time sync converged
WARN  [timesync] time jump detected. Resetting time synchroniser.
WARN  [uxrce_dds_client] time sync no longer converged
INFO  [uxrce_dds_client] time sync converged
WARN  [timesync] time jump detected. Resetting time synchroniser.
WARN  [uxrce_dds_client] time sync no longer converged
INFO  [uxrce_dds_client] time sync converged
WARN  [timesync] time jump detected. Resetting time synchroniser.
WARN  [uxrce_dds_client] time sync no longer converged
INFO  [uxrce_dds_client] time sync converged
WARN  [timesync] time jump detected. Resetting time synchroniser.
WARN  [uxrce_dds_client] time sync no longer converged
INFO  [uxrce_dds_client] time sync converged
WARN  [timesync] time jump detected. Resetting time synchroniser.
WARN  [uxrce_dds_client] time sync no longer converged
INFO  [uxrce_dds_client] time sync converged
WARN  [timesync] time jump detected. Resetting time synchroniser.
WARN  [uxrce_dds_client] time sync no longer converged
INFO  [uxrce_dds_client] time sync converged
WARN  [timesync] time jump detected. Resetting time synchroniser.
WARN  [uxrce_dds_client] time sync no longer converged
INFO  [uxrce_dds_client] time sync converged
WARN  [health_and_arming_checks] Preflight Fail: Yaw estimate error
WARN  [health_and_arming_checks] Preflight Fail: High Accelerometer Bias
WARN  [health_and_arming_checks] Preflight Fail: High Accelerometer Bias
WARN  [timesync] time jump detected. Resetting time synchroniser.
WARN  [uxrce_dds_client] time sync no longer converged
INFO  [uxrce_dds_client] time sync converged
WARN  [timesync] time jump detected. Resetting time synchroniser.
WARN  [uxrce_dds_client] time sync no longer converged
INFO  [uxrce_dds_client] time sync converged
WARN  [health_and_arming_checks] Preflight Fail: Yaw estimate error
WARN  [health_and_arming_checks] Preflight Fail: High Accelerometer Bias
WARN  [health_and_arming_checks] Preflight Fail: High Accelerometer Bias
WARN  [timesync] time jump detected. Resetting time synchroniser.
WARN  [uxrce_dds_client] time sync no longer converged
INFO  [uxrce_dds_client] time sync converged
WARN  [timesync] time jump detected. Resetting time synchroniser.
WARN  [uxrce_dds_client] time sync no longer converged
WARN  [health_and_arming_checks] Preflight Fail: Yaw estimate error
WARN  [health_and_arming_checks] Preflight Fail: High Accelerometer Bias
INFO  [uxrce_dds_client] time sync converged
WARN  [health_and_arming_checks] Preflight Fail: High Accelerometer Bias
WARN  [health_and_arming_checks] Preflight Fail: Yaw estimate error
WARN  [health_and_arming_checks] Preflight Fail: High Accelerometer Bias
WARN  [health_and_arming_checks] Preflight Fail: High Accelerometer Bias
WARN  [health_and_arming_checks] Preflight Fail: High Accelerometer Bias
WARN  [timesync] time jump detected. Resetting time synchroniser.
WARN  [uxrce_dds_client] time sync no longer converged
INFO  [uxrce_dds_client] time sync converged
WARN  [timesync] time jump detected. Resetting time synchroniser.
WARN  [uxrce_dds_client] time sync no longer converged
INFO  [uxrce_dds_client] time sync converged
WARN  [timesync] time jump detected. Resetting time synchroniser.
WARN  [uxrce_dds_client] time sync no longer converged
INFO  [uxrce_dds_client] time sync converged
WARN  [timesync] time jump detected. Resetting time synchroniser.
WARN  [uxrce_dds_client] time sync no longer converged
INFO  [uxrce_dds_client] time sync converged
WARN  [health_and_arming_checks] Preflight Fail: Yaw estimate error
WARN  [health_and_arming_checks] Preflight Fail: High Accelerometer Bias
WARN  [health_and_arming_checks] Preflight Fail: High Accelerometer Bias
WARN  [timesync] time jump detected. Resetting time synchroniser.
WARN  [uxrce_dds_client] time sync no longer converged
INFO  [uxrce_dds_client] time sync converged
WARN  [timesync] time jump detected. Resetting time synchroniser.
WARN  [uxrce_dds_client] time sync no longer converged
INFO  [uxrce_dds_client] time sync converged
WARN  [timesync] time jump detected. Resetting time synchroniser.
WARN  [uxrce_dds_client] time sync no longer converged
INFO  [uxrce_dds_client] time sync converged
WARN  [timesync] time jump detected. Resetting time synchroniser.
WARN  [uxrce_dds_client] time sync no longer converged
INFO  [uxrce_dds_client] time sync converged
WARN  [timesync] time jump detected. Resetting time synchroniser.
WARN  [uxrce_dds_client] time sync no longer converged
INFO  [uxrce_dds_client] time sync converged
WARN  [timesync] time jump detected. Resetting time synchroniser.
WARN  [uxrce_dds_client] time sync no longer converged
INFO  [uxrce_dds_client] time sync converged
WARN  [timesync] time jump detected. Resetting time synchroniser.
WARN  [uxrce_dds_client] time sync no longer converged
INFO  [uxrce_dds_client] time sync converged
WARN  [timesync] time jump detected. Resetting time synchroniser.
WARN  [uxrce_dds_client] time sync no longer converged
INFO  [uxrce_dds_client] time sync converged
WARN  [timesync] time jump detected. Resetting time synchroniser.
WARN  [uxrce_dds_client] time sync no longer converged
INFO  [uxrce_dds_client] time sync converged
WARN  [timesync] time jump detected. Resetting time synchroniser.
WARN  [uxrce_dds_client] time sync no longer converged
WARN  [health_and_arming_checks] Preflight Fail: Yaw estimate error
WARN  [health_and_arming_checks] Preflight Fail: High Accelerometer Bias
INFO  [uxrce_dds_client] time sync converged
WARN  [health_and_arming_checks] Preflight Fail: High Accelerometer Bias
WARN  [timesync] time jump detected. Resetting time synchroniser.
WARN  [uxrce_dds_client] time sync no longer converged
INFO  [uxrce_dds_client] time sync converged
WARN  [health_and_arming_checks] Preflight Fail: Yaw estimate error
WARN  [health_and_arming_checks] Preflight Fail: High Accelerometer Bias
WARN  [health_and_arming_checks] Preflight Fail: High Accelerometer Bias
WARN  [timesync] time jump detected. Resetting time synchroniser.
WARN  [uxrce_dds_client] time sync no longer converged
INFO  [uxrce_dds_client] time sync converged
WARN  [health_and_arming_checks] Preflight Fail: Yaw estimate error
WARN  [health_and_arming_checks] Preflight Fail: High Accelerometer Bias
WARN  [health_and_arming_checks] Preflight Fail: High Accelerometer Bias
WARN  [timesync] time jump detected. Resetting time synchroniser.
WARN  [uxrce_dds_client] time sync no longer converged
INFO  [uxrce_dds_client] time sync converged
WARN  [timesync] time jump detected. Resetting time synchroniser.
WARN  [uxrce_dds_client] time sync no longer converged
INFO  [uxrce_dds_client] time sync converged
WARN  [timesync] time jump detected. Resetting time synchroniser.
WARN  [uxrce_dds_client] time sync no longer converged
INFO  [uxrce_dds_client] time sync converged
WARN  [timesync] time jump detected. Resetting time synchroniser.
WARN  [uxrce_dds_client] time sync no longer converged
INFO  [uxrce_dds_client] time sync converged
WARN  [timesync] time jump detected. Resetting time synchroniser.
WARN  [uxrce_dds_client] time sync no longer converged
INFO  [uxrce_dds_client] time sync converged
WARN  [health_and_arming_checks] Preflight Fail: Yaw estimate error
WARN  [health_and_arming_checks] Preflight Fail: High Accelerometer Bias
WARN  [health_and_arming_checks] Preflight Fail: High Accelerometer Bias
WARN  [timesync] time jump detected. Resetting time synchroniser.
WARN  [uxrce_dds_client] time sync no longer converged
INFO  [uxrce_dds_client] time sync converged
WARN  [health_and_arming_checks] Preflight Fail: Yaw estimate error
WARN  [health_and_arming_checks] Preflight Fail: High Accelerometer Bias
WARN  [health_and_arming_checks] Preflight Fail: High Accelerometer Bias
WARN  [timesync] time jump detected. Resetting time synchroniser.
WARN  [uxrce_dds_client] time sync no longer converged
INFO  [uxrce_dds_client] time sync converged
WARN  [timesync] time jump detected. Resetting time synchroniser.
WARN  [uxrce_dds_client] time sync no longer converged
INFO  [uxrce_dds_client] time sync converged
WARN  [health_and_arming_checks] Preflight Fail: Yaw estimate error
WARN  [health_and_arming_checks] Preflight Fail: High Accelerometer Bias
WARN  [health_and_arming_checks] Preflight Fail: High Accelerometer Bias
WARN  [timesync] time jump detected. Resetting time synchroniser.
WARN  [uxrce_dds_client] time sync no longer converged
INFO  [uxrce_dds_client] time sync converged
WARN  [health_and_arming_checks] Preflight Fail: Yaw estimate error
WARN  [health_and_arming_checks] Preflight Fail: High Accelerometer Bias
WARN  [health_and_arming_checks] Preflight Fail: High Accelerometer Bias
WARN  [timesync] time jump detected. Resetting time synchroniser.
WARN  [uxrce_dds_client] time sync no longer converged
INFO  [uxrce_dds_client] time sync converged
WARN  [timesync] time jump detected. Resetting time synchroniser.
WARN  [uxrce_dds_client] time sync no longer converged
INFO  [uxrce_dds_client] time sync converged
WARN  [health_and_arming_checks] Preflight Fail: Yaw estimate error
WARN  [health_and_arming_checks] Preflight Fail: High Accelerometer Bias
WARN  [health_and_arming_checks] Preflight Fail: High Accelerometer Bias
WARN  [timesync] time jump detected. Resetting time synchroniser.
WARN  [uxrce_dds_client] time sync no longer converged
INFO  [uxrce_dds_client] time sync converged
INFO  [gyro_calibration] gyro 0 (1310988) updating offsets [0.007, 0.000, -0.007]->[-0.001, -0.000, -0.001] nan degC
WARN  [timesync] time jump detected. Resetting time synchroniser.
WARN  [uxrce_dds_client] time sync no longer converged
INFO  [uxrce_dds_client] time sync converged
WARN  [timesync] time jump detected. Resetting time synchroniser.
WARN  [uxrce_dds_client] time sync no longer converged
INFO  [uxrce_dds_client] time sync converged
WARN  [timesync] time jump detected. Resetting time synchroniser.
WARN  [uxrce_dds_client] time sync no longer converged
INFO  [uxrce_dds_client] time sync converged
WARN  [timesync] time jump detected. Resetting time synchroniser.
WARN  [uxrce_dds_client] time sync no longer converged
INFO  [uxrce_dds_client] time sync converged
WARN  [timesync] time jump detected. Resetting time synchroniser.
WARN  [uxrce_dds_client] time sync no longer converged
INFO  [uxrce_dds_client] time sync converged
WARN  [timesync] time jump detected. Resetting time synchroniser.
WARN  [uxrce_dds_client] time sync no longer converged
INFO  [uxrce_dds_client] time sync converged
WARN  [timesync] time jump detected. Resetting time synchroniser.
WARN  [uxrce_dds_client] time sync no longer converged
INFO  [uxrce_dds_client] time sync converged
WARN  [health_and_arming_checks] Preflight Fail: Yaw estimate error
WARN  [health_and_arming_checks] Preflight Fail: High Accelerometer Bias
WARN  [health_and_arming_checks] Preflight Fail: High Accelerometer Bias
WARN  [timesync] time jump detected. Resetting time synchroniser.
WARN  [uxrce_dds_client] time sync no longer converged
INFO  [uxrce_dds_client] time sync converged
WARN  [timesync] time jump detected. Resetting time synchroniser.
WARN  [uxrce_dds_client] time sync no longer converged
INFO  [uxrce_dds_client] time sync converged
WARN  [timesync] time jump detected. Resetting time synchroniser.
WARN  [uxrce_dds_client] time sync no longer converged
INFO  [uxrce_dds_client] time sync converged
WARN  [timesync] time jump detected. Resetting time synchroniser.
WARN  [uxrce_dds_client] time sync no longer converged
INFO  [uxrce_dds_client] time sync converged
WARN  [timesync] time jump detected. Resetting time synchroniser.
WARN  [uxrce_dds_client] time sync no longer converged
INFO  [uxrce_dds_client] time sync converged
WARN  [timesync] time jump detected. Resetting time synchroniser.
WARN  [uxrce_dds_client] time sync no longer converged
INFO  [uxrce_dds_client] time sync converged
WARN  [timesync] time jump detected. Resetting time synchroniser.
WARN  [uxrce_dds_client] time sync no longer converged
INFO  [uxrce_dds_client] time sync converged
WARN  [health_and_arming_checks] Preflight Fail: Yaw estimate error
WARN  [health_and_arming_checks] Preflight Fail: High Accelerometer Bias
WARN  [health_and_arming_checks] Preflight Fail: High Accelerometer Bias
WARN  [timesync] time jump detected. Resetting time synchroniser.
WARN  [uxrce_dds_client] time sync no longer converged
INFO  [uxrce_dds_client] time sync converged
WARN  [timesync] time jump detected. Resetting time synchroniser.
WARN  [uxrce_dds_client] time sync no longer converged
INFO  [uxrce_dds_client] time sync converged
WARN  [timesync] time jump detected. Resetting time synchroniser.
WARN  [uxrce_dds_client] time sync no longer converged
INFO  [uxrce_dds_client] time sync converged
WARN  [health_and_arming_checks] Preflight Fail: Yaw estimate error
WARN  [health_and_arming_checks] Preflight Fail: High Accelerometer Bias
WARN  [health_and_arming_checks] Preflight Fail: High Accelerometer Bias
WARN  [timesync] time jump detected. Resetting time synchroniser.
WARN  [uxrce_dds_client] time sync no longer converged
INFO  [uxrce_dds_client] time sync converged
WARN  [timesync] time jump detected. Resetting time synchroniser.
WARN  [uxrce_dds_client] time sync no longer converged
INFO  [uxrce_dds_client] time sync converged
WARN  [timesync] time jump detected. Resetting time synchroniser.
WARN  [uxrce_dds_client] time sync no longer converged
INFO  [uxrce_dds_client] time sync converged
WARN  [health_and_arming_checks] Preflight Fail: Yaw estimate error
WARN  [health_and_arming_checks] Preflight Fail: High Accelerometer Bias
WARN  [health_and_arming_checks] Preflight Fail: High Accelerometer Bias
WARN  [timesync] time jump detected. Resetting time synchroniser.
WARN  [uxrce_dds_client] time sync no longer converged
INFO  [uxrce_dds_client] time sync converged
WARN  [timesync] time jump detected. Resetting time synchroniser.
WARN  [uxrce_dds_client] time sync no longer converged
INFO  [uxrce_dds_client] time sync converged
WARN  [health_and_arming_checks] Preflight Fail: Yaw estimate error
WARN  [health_and_arming_checks] Preflight Fail: High Accelerometer Bias
WARN  [health_and_arming_checks] Preflight Fail: High Accelerometer Bias
WARN  [timesync] time jump detected. Resetting time synchroniser.
WARN  [uxrce_dds_client] time sync no longer converged
INFO  [uxrce_dds_client] time sync converged
WARN  [timesync] time jump detected. Resetting time synchroniser.
WARN  [uxrce_dds_client] time sync no longer converged
INFO  [uxrce_dds_client] time sync converged
WARN  [timesync] time jump detected. Resetting time synchroniser.
WARN  [uxrce_dds_client] time sync no longer converged
INFO  [uxrce_dds_client] time sync converged
WARN  [timesync] time jump detected. Resetting time synchroniser.
WARN  [uxrce_dds_client] time sync no longer converged
INFO  [uxrce_dds_client] time sync converged
WARN  [health_and_arming_checks] Preflight Fail: Yaw estimate error
WARN  [health_and_arming_checks] Preflight Fail: High Accelerometer Bias
WARN  [health_and_arming_checks] Preflight Fail: High Accelerometer Bias
WARN  [timesync] time jump detected. Resetting time synchroniser.
WARN  [uxrce_dds_client] time sync no longer converged
INFO  [uxrce_dds_client] time sync converged
WARN  [timesync] time jump detected. Resetting time synchroniser.
WARN  [uxrce_dds_client] time sync no longer converged
INFO  [uxrce_dds_client] time sync converged
WARN  [timesync] time jump detected. Resetting time synchroniser.
WARN  [uxrce_dds_client] time sync no longer converged
INFO  [uxrce_dds_client] time sync converged
WARN  [timesync] time jump detected. Resetting time synchroniser.
WARN  [uxrce_dds_client] time sync no longer converged
INFO  [uxrce_dds_client] time sync converged
WARN  [health_and_arming_checks] Preflight Fail: Yaw estimate error
WARN  [health_and_arming_checks] Preflight Fail: High Accelerometer Bias
WARN  [timesync] time jump detected. Resetting time synchroniser.
WARN  [uxrce_dds_client] time sync no longer converged
INFO  [uxrce_dds_client] time sync converged
WARN  [health_and_arming_checks] Preflight Fail: High Accelerometer Bias
WARN  [timesync] time jump detected. Resetting time synchroniser.
WARN  [uxrce_dds_client] time sync no longer converged
INFO  [uxrce_dds_client] time sync converged
WARN  [timesync] time jump detected. Resetting time synchroniser.
WARN  [uxrce_dds_client] time sync no longer converged
INFO  [uxrce_dds_client] time sync converged
WARN  [timesync] time jump detected. Resetting time synchroniser.
WARN  [uxrce_dds_client] time sync no longer converged
INFO  [uxrce_dds_client] time sync converged
WARN  [timesync] time jump detected. Resetting time synchroniser.
WARN  [uxrce_dds_client] time sync no longer converged
INFO  [uxrce_dds_client] time sync converged
WARN  [health_and_arming_checks] Preflight Fail: Yaw estimate error
WARN  [health_and_arming_checks] Preflight Fail: High Accelerometer Bias
WARN  [health_and_arming_checks] Preflight Fail: High Accelerometer Bias
WARN  [health_and_arming_checks] Preflight Fail: High Accelerometer Bias
WARN  [timesync] time jump detected. Resetting time synchroniser.
WARN  [uxrce_dds_client] time sync no longer converged
INFO  [uxrce_dds_client] time sync converged
WARN  [timesync] time jump detected. Resetting time synchroniser.
WARN  [uxrce_dds_client] time sync no longer converged
WARN  [health_and_arming_checks] Preflight Fail: Yaw estimate error
WARN  [health_and_arming_checks] Preflight Fail: High Accelerometer Bias
INFO  [uxrce_dds_client] time sync converged
WARN  [health_and_arming_checks] Preflight Fail: High Accelerometer Bias
WARN  [timesync] time jump detected. Resetting time synchroniser.
WARN  [uxrce_dds_client] time sync no longer converged
INFO  [uxrce_dds_client] time sync converged
WARN  [timesync] time jump detected. Resetting time synchroniser.
WARN  [uxrce_dds_client] time sync no longer converged
WARN  [health_and_arming_checks] Preflight Fail: Yaw estimate error
WARN  [health_and_arming_checks] Preflight Fail: High Accelerometer Bias
INFO  [uxrce_dds_client] time sync converged
WARN  [health_and_arming_checks] Preflight Fail: High Accelerometer Bias
WARN  [timesync] time jump detected. Resetting time synchroniser.
WARN  [uxrce_dds_client] time sync no longer converged
INFO  [uxrce_dds_client] time sync converged
WARN  [timesync] time jump detected. Resetting time synchroniser.
WARN  [uxrce_dds_client] time sync no longer converged
INFO  [uxrce_dds_client] time sync converged
WARN  [timesync] time jump detected. Resetting time synchroniser.
WARN  [uxrce_dds_client] time sync no longer converged
INFO  [uxrce_dds_client] time sync converged
WARN  [health_and_arming_checks] Preflight Fail: Yaw estimate error
WARN  [health_and_arming_checks] Preflight Fail: High Accelerometer Bias
WARN  [health_and_arming_checks] Preflight Fail: High Accelerometer Bias
WARN  [timesync] time jump detected. Resetting time synchroniser.
WARN  [uxrce_dds_client] time sync no longer converged
INFO  [uxrce_dds_client] time sync converged
WARN  [timesync] time jump detected. Resetting time synchroniser.
WARN  [uxrce_dds_client] time sync no longer converged
INFO  [uxrce_dds_client] time sync converged
WARN  [timesync] time jump detected. Resetting time synchroniser.
WARN  [uxrce_dds_client] time sync no longer converged
INFO  [uxrce_dds_client] time sync converged
WARN  [health_and_arming_checks] Preflight Fail: Yaw estimate error
WARN  [health_and_arming_checks] Preflight Fail: High Accelerometer Bias
WARN  [health_and_arming_checks] Preflight Fail: High Accelerometer Bias
WARN  [timesync] time jump detected. Resetting time synchroniser.
WARN  [uxrce_dds_client] time sync no longer converged
INFO  [uxrce_dds_client] time sync converged
WARN  [timesync] time jump detected. Resetting time synchroniser.
WARN  [uxrce_dds_client] time sync no longer converged
INFO  [uxrce_dds_client] time sync converged
WARN  [timesync] time jump detected. Resetting time synchroniser.
WARN  [uxrce_dds_client] time sync no longer converged
INFO  [uxrce_dds_client] time sync converged
WARN  [timesync] time jump detected. Resetting time synchroniser.
WARN  [uxrce_dds_client] time sync no longer converged
INFO  [uxrce_dds_client] time sync converged
WARN  [timesync] time jump detected. Resetting time synchroniser.
WARN  [uxrce_dds_client] time sync no longer converged
INFO  [uxrce_dds_client] time sync converged
WARN  [timesync] time jump detected. Resetting time synchroniser.
WARN  [uxrce_dds_client] time sync no longer converged
INFO  [uxrce_dds_client] time sync converged
WARN  [timesync] time jump detected. Resetting time synchroniser.
WARN  [uxrce_dds_client] time sync no longer converged
INFO  [uxrce_dds_client] time sync converged
WARN  [health_and_arming_checks] Preflight Fail: Yaw estimate error
WARN  [health_and_arming_checks] Preflight Fail: High Accelerometer Bias
WARN  [health_and_arming_checks] Preflight Fail: High Accelerometer Bias
WARN  [health_and_arming_checks] Preflight Fail: Yaw estimate error
WARN  [health_and_arming_checks] Preflight Fail: High Accelerometer Bias
WARN  [health_and_arming_checks] Preflight Fail: High Accelerometer Bias
WARN  [timesync] time jump detected. Resetting time synchroniser.
WARN  [uxrce_dds_client] time sync no longer converged
INFO  [uxrce_dds_client] time sync converged
WARN  [health_and_arming_checks] Preflight Fail: Yaw estimate error
WARN  [health_and_arming_checks] Preflight Fail: High Accelerometer Bias
WARN  [health_and_arming_checks] Preflight Fail: High Accelerometer Bias
WARN  [timesync] time jump detected. Resetting time synchroniser.
WARN  [uxrce_dds_client] time sync no longer converged
INFO  [uxrce_dds_client] time sync converged
WARN  [timesync] time jump detected. Resetting time synchroniser.
WARN  [uxrce_dds_client] time sync no longer converged
INFO  [uxrce_dds_client] time sync converged
WARN  [timesync] time jump detected. Resetting time synchroniser.
WARN  [uxrce_dds_client] time sync no longer converged
INFO  [uxrce_dds_client] time sync converged
WARN  [timesync] time jump detected. Resetting time synchroniser.
WARN  [uxrce_dds_client] time sync no longer converged
INFO  [uxrce_dds_client] time sync converged
WARN  [health_and_arming_checks] Preflight Fail: Yaw estimate error
WARN  [health_and_arming_checks] Preflight Fail: High Accelerometer Bias
WARN  [health_and_arming_checks] Preflight Fail: High Accelerometer Bias
WARN  [timesync] time jump detected. Resetting time synchroniser.
WARN  [uxrce_dds_client] time sync no longer converged
INFO  [uxrce_dds_client] time sync converged
WARN  [timesync] time jump detected. Resetting time synchroniser.
WARN  [uxrce_dds_client] time sync no longer converged
WARN  [health_and_arming_checks] Preflight Fail: Yaw estimate error
WARN  [health_and_arming_checks] Preflight Fail: High Accelerometer Bias
INFO  [uxrce_dds_client] time sync converged
WARN  [health_and_arming_checks] Preflight Fail: High Accelerometer Bias
WARN  [timesync] time jump detected. Resetting time synchroniser.
WARN  [uxrce_dds_client] time sync no longer converged
INFO  [uxrce_dds_client] time sync converged
WARN  [health_and_arming_checks] Preflight Fail: Yaw estimate error
WARN  [health_and_arming_checks] Preflight Fail: High Accelerometer Bias
WARN  [health_and_arming_checks] Preflight Fail: High Accelerometer Bias
WARN  [health_and_arming_checks] Preflight Fail: Yaw estimate error
WARN  [health_and_arming_checks] Preflight Fail: High Accelerometer Bias
WARN  [health_and_arming_checks] Preflight Fail: High Accelerometer Bias
WARN  [timesync] time jump detected. Resetting time synchroniser.
WARN  [uxrce_dds_client] time sync no longer converged
INFO  [uxrce_dds_client] time sync converged
WARN  [health_and_arming_checks] Preflight Fail: Yaw estimate error
WARN  [health_and_arming_checks] Preflight Fail: High Accelerometer Bias
WARN  [health_and_arming_checks] Preflight Fail: High Accelerometer Bias
WARN  [timesync] time jump detected. Resetting time synchroniser.
WARN  [uxrce_dds_client] time sync no longer converged
INFO  [uxrce_dds_client] time sync converged
WARN  [timesync] time jump detected. Resetting time synchroniser.
WARN  [uxrce_dds_client] time sync no longer converged
INFO  [uxrce_dds_client] time sync converged
WARN  [timesync] time jump detected. Resetting time synchroniser.
WARN  [uxrce_dds_client] time sync no longer converged
INFO  [uxrce_dds_client] time sync converged
WARN  [health_and_arming_checks] Preflight Fail: Yaw estimate error
WARN  [health_and_arming_checks] Preflight Fail: High Accelerometer Bias
WARN  [health_and_arming_checks] Preflight Fail: High Accelerometer Bias
WARN  [timesync] time jump detected. Resetting time synchroniser.
WARN  [uxrce_dds_client] time sync no longer converged
INFO  [uxrce_dds_client] time sync converged
WARN  [timesync] time jump detected. Resetting time synchroniser.
WARN  [uxrce_dds_client] time sync no longer converged
INFO  [uxrce_dds_client] time sync converged
WARN  [health_and_arming_checks] Preflight Fail: Yaw estimate error
WARN  [health_and_arming_checks] Preflight Fail: High Accelerometer Bias
WARN  [health_and_arming_checks] Preflight Fail: High Accelerometer Bias
WARN  [health_and_arming_checks] Preflight Fail: Yaw estimate error
WARN  [health_and_arming_checks] Preflight Fail: High Accelerometer Bias
WARN  [health_and_arming_checks] Preflight Fail: High Accelerometer Bias
WARN  [timesync] time jump detected. Resetting time synchroniser.
WARN  [uxrce_dds_client] time sync no longer converged
INFO  [uxrce_dds_client] time sync converged
WARN  [health_and_arming_checks] Preflight Fail: Yaw estimate error
WARN  [health_and_arming_checks] Preflight Fail: High Accelerometer Bias
WARN  [health_and_arming_checks] Preflight Fail: High Accelerometer Bias
WARN  [timesync] time jump detected. Resetting time synchroniser.
WARN  [uxrce_dds_client] time sync no longer converged
INFO  [uxrce_dds_client] time sync converged
WARN  [health_and_arming_checks] Preflight Fail: Yaw estimate error
WARN  [health_and_arming_checks] Preflight Fail: High Accelerometer Bias
WARN  [health_and_arming_checks] Preflight Fail: High Accelerometer Bias
WARN  [timesync] time jump detected. Resetting time synchroniser.
WARN  [uxrce_dds_client] time sync no longer converged
INFO  [uxrce_dds_client] time sync converged
WARN  [timesync] time jump detected. Resetting time synchroniser.
WARN  [uxrce_dds_client] time sync no longer converged
INFO  [uxrce_dds_client] time sync converged
WARN  [health_and_arming_checks] Preflight Fail: Yaw estimate error
WARN  [health_and_arming_checks] Preflight Fail: High Accelerometer Bias
WARN  [health_and_arming_checks] Preflight Fail: High Accelerometer Bias
WARN  [timesync] time jump detected. Resetting time synchroniser.
WARN  [uxrce_dds_client] time sync no longer converged
INFO  [uxrce_dds_client] time sync converged
WARN  [timesync] time jump detected. Resetting time synchroniser.
WARN  [uxrce_dds_client] time sync no longer converged
INFO  [uxrce_dds_client] time sync converged
WARN  [timesync] time jump detected. Resetting time synchroniser.
WARN  [uxrce_dds_client] time sync no longer converged
INFO  [uxrce_dds_client] time sync converged
WARN  [timesync] time jump detected. Resetting time synchroniser.
WARN  [uxrce_dds_client] time sync no longer converged
INFO  [uxrce_dds_client] time sync converged
WARN  [timesync] time jump detected. Resetting time synchroniser.
WARN  [uxrce_dds_client] time sync no longer converged
INFO  [uxrce_dds_client] time sync converged
WARN  [timesync] time jump detected. Resetting time synchroniser.
WARN  [uxrce_dds_client] time sync no longer converged
INFO  [uxrce_dds_client] time sync converged
WARN  [health_and_arming_checks] Preflight Fail: Yaw estimate error
WARN  [health_and_arming_checks] Preflight Fail: High Accelerometer Bias
WARN  [health_and_arming_checks] Preflight Fail: High Accelerometer Bias
WARN  [timesync] time jump detected. Resetting time synchroniser.
WARN  [uxrce_dds_client] time sync no longer converged
INFO  [uxrce_dds_client] time sync converged
WARN  [timesync] time jump detected. Resetting time synchroniser.
WARN  [uxrce_dds_client] time sync no longer converged
INFO  [uxrce_dds_client] time sync converged
WARN  [health_and_arming_checks] Preflight Fail: Yaw estimate error
WARN  [health_and_arming_checks] Preflight Fail: High Accelerometer Bias
WARN  [health_and_arming_checks] Preflight Fail: High Accelerometer Bias
WARN  [timesync] time jump detected. Resetting time synchroniser.
WARN  [uxrce_dds_client] time sync no longer converged
INFO  [uxrce_dds_client] time sync converged
WARN  [timesync] time jump detected. Resetting time synchroniser.
WARN  [uxrce_dds_client] time sync no longer converged
INFO  [uxrce_dds_client] time sync converged
WARN  [health_and_arming_checks] Preflight Fail: Yaw estimate error
WARN  [health_and_arming_checks] Preflight Fail: High Accelerometer Bias
WARN  [health_and_arming_checks] Preflight Fail: High Accelerometer Bias
WARN  [timesync] time jump detected. Resetting time synchroniser.
WARN  [uxrce_dds_client] time sync no longer converged
INFO  [uxrce_dds_client] time sync converged
WARN  [health_and_arming_checks] Preflight Fail: Yaw estimate error
WARN  [health_and_arming_checks] Preflight Fail: High Accelerometer Bias
WARN  [health_and_arming_checks] Preflight Fail: High Accelerometer Bias
WARN  [health_and_arming_checks] Preflight Fail: Yaw estimate error
WARN  [health_and_arming_checks] Preflight Fail: High Accelerometer Bias
WARN  [health_and_arming_checks] Preflight Fail: High Accelerometer Bias
WARN  [timesync] time jump detected. Resetting time synchroniser.
WARN  [uxrce_dds_client] time sync no longer converged
INFO  [uxrce_dds_client] time sync converged
WARN  [timesync] time jump detected. Resetting time synchroniser.
WARN  [uxrce_dds_client] time sync no longer converged
INFO  [uxrce_dds_client] time sync converged
WARN  [timesync] time jump detected. Resetting time synchroniser.
WARN  [uxrce_dds_client] time sync no longer converged
INFO  [uxrce_dds_client] time sync converged
WARN  [timesync] time jump detected. Resetting time synchroniser.
WARN  [uxrce_dds_client] time sync no longer converged
INFO  [uxrce_dds_client] time sync converged
WARN  [timesync] time jump detected. Resetting time synchroniser.
WARN  [uxrce_dds_client] time sync no longer converged
INFO  [uxrce_dds_client] time sync converged
WARN  [timesync] time jump detected. Resetting time synchroniser.
WARN  [uxrce_dds_client] time sync no longer converged
INFO  [uxrce_dds_client] time sync converged
WARN  [timesync] time jump detected. Resetting time synchroniser.
WARN  [uxrce_dds_client] time sync no longer converged
INFO  [uxrce_dds_client] time sync converged
WARN  [timesync] time jump detected. Resetting time synchroniser.
WARN  [uxrce_dds_client] time sync no longer converged
INFO  [uxrce_dds_client] time sync converged
WARN  [health_and_arming_checks] Preflight Fail: Yaw estimate error
WARN  [health_and_arming_checks] Preflight Fail: High Accelerometer Bias
WARN  [health_and_arming_checks] Preflight Fail: High Accelerometer Bias
WARN  [health_and_arming_checks] Preflight Fail: Yaw estimate error
WARN  [health_and_arming_checks] Preflight Fail: High Accelerometer Bias
WARN  [health_and_arming_checks] Preflight Fail: High Accelerometer Bias
WARN  [timesync] time jump detected. Resetting time synchroniser.
WARN  [uxrce_dds_client] time sync no longer converged
INFO  [uxrce_dds_client] time sync converged
WARN  [timesync] time jump detected. Resetting time synchroniser.
WARN  [uxrce_dds_client] time sync no longer converged
INFO  [uxrce_dds_client] time sync converged
WARN  [timesync] time jump detected. Resetting time synchroniser.
WARN  [uxrce_dds_client] time sync no longer converged
INFO  [uxrce_dds_client] time sync converged
WARN  [health_and_arming_checks] Preflight Fail: Yaw estimate error
WARN  [health_and_arming_checks] Preflight Fail: High Accelerometer Bias
WARN  [health_and_arming_checks] Preflight Fail: High Accelerometer Bias
WARN  [timesync] time jump detected. Resetting time synchroniser.
WARN  [uxrce_dds_client] time sync no longer converged
INFO  [uxrce_dds_client] time sync converged
WARN  [timesync] time jump detected. Resetting time synchroniser.
WARN  [uxrce_dds_client] time sync no longer converged
INFO  [uxrce_dds_client] time sync converged
WARN  [timesync] time jump detected. Resetting time synchroniser.
WARN  [uxrce_dds_client] time sync no longer converged
INFO  [uxrce_dds_client] time sync converged
WARN  [timesync] time jump detected. Resetting time synchroniser.
WARN  [uxrce_dds_client] time sync no longer converged
INFO  [uxrce_dds_client] time sync converged
WARN  [timesync] time jump detected. Resetting time synchroniser.
WARN  [uxrce_dds_client] time sync no longer converged
INFO  [uxrce_dds_client] time sync converged
WARN  [timesync] time jump detected. Resetting time synchroniser.
WARN  [uxrce_dds_client] time sync no longer converged
INFO  [uxrce_dds_client] time sync converged
WARN  [timesync] time jump detected. Resetting time synchroniser.
WARN  [uxrce_dds_client] time sync no longer converged
INFO  [uxrce_dds_client] time sync converged
WARN  [timesync] time jump detected. Resetting time synchroniser.
WARN  [uxrce_dds_client] time sync no longer converged
INFO  [uxrce_dds_client] time sync converged
WARN  [timesync] time jump detected. Resetting time synchroniser.
WARN  [uxrce_dds_client] time sync no longer converged
INFO  [uxrce_dds_client] time sync converged
WARN  [timesync] time jump detected. Resetting time synchroniser.
WARN  [uxrce_dds_client] time sync no longer converged
INFO  [uxrce_dds_client] time sync converged
WARN  [health_and_arming_checks] Preflight Fail: Yaw estimate error
WARN  [health_and_arming_checks] Preflight Fail: High Accelerometer Bias
WARN  [health_and_arming_checks] Preflight Fail: High Accelerometer Bias
WARN  [timesync] time jump detected. Resetting time synchroniser.
WARN  [uxrce_dds_client] time sync no longer converged
INFO  [uxrce_dds_client] time sync converged
WARN  [health_and_arming_checks] Preflight Fail: Yaw estimate error
WARN  [health_and_arming_checks] Preflight Fail: High Accelerometer Bias
WARN  [health_and_arming_checks] Preflight Fail: High Accelerometer Bias
WARN  [timesync] time jump detected. Resetting time synchroniser.
WARN  [uxrce_dds_client] time sync no longer converged
INFO  [uxrce_dds_client] time sync converged
WARN  [health_and_arming_checks] Preflight Fail: Yaw estimate error
WARN  [health_and_arming_checks] Preflight Fail: High Accelerometer Bias
WARN  [timesync] time jump detected. Resetting time synchroniser.
WARN  [uxrce_dds_client] time sync no longer converged
WARN  [health_and_arming_checks] Preflight Fail: High Accelerometer Bias
INFO  [uxrce_dds_client] time sync converged
WARN  [timesync] time jump detected. Resetting time synchroniser.
WARN  [uxrce_dds_client] time sync no longer converged
INFO  [uxrce_dds_client] time sync converged
WARN  [health_and_arming_checks] Preflight Fail: Yaw estimate error
WARN  [health_and_arming_checks] Preflight Fail: High Accelerometer Bias
WARN  [health_and_arming_checks] Preflight Fail: High Accelerometer Bias
WARN  [timesync] time jump detected. Resetting time synchroniser.
WARN  [uxrce_dds_client] time sync no longer converged
INFO  [uxrce_dds_client] time sync converged
WARN  [timesync] time jump detected. Resetting time synchroniser.
WARN  [uxrce_dds_client] time sync no longer converged
INFO  [uxrce_dds_client] time sync converged
WARN  [timesync] time jump detected. Resetting time synchroniser.
WARN  [uxrce_dds_client] time sync no longer converged
INFO  [uxrce_dds_client] time sync converged
WARN  [timesync] time jump detected. Resetting time synchroniser.
WARN  [uxrce_dds_client] time sync no longer converged
INFO  [uxrce_dds_client] time sync converged
WARN  [timesync] time jump detected. Resetting time synchroniser.
WARN  [uxrce_dds_client] time sync no longer converged
INFO  [uxrce_dds_client] time sync converged
WARN  [health_and_arming_checks] Preflight Fail: Yaw estimate error
WARN  [health_and_arming_checks] Preflight Fail: High Accelerometer Bias
WARN  [health_and_arming_checks] Preflight Fail: High Accelerometer Bias
WARN  [timesync] time jump detected. Resetting time synchroniser.
WARN  [uxrce_dds_client] time sync no longer converged
INFO  [uxrce_dds_client] time sync converged
WARN  [health_and_arming_checks] Preflight Fail: Yaw estimate error
WARN  [health_and_arming_checks] Preflight Fail: High Accelerometer Bias
WARN  [health_and_arming_checks] Preflight Fail: High Accelerometer Bias
WARN  [timesync] time jump detected. Resetting time synchroniser.
WARN  [uxrce_dds_client] time sync no longer converged
INFO  [uxrce_dds_client] time sync converged
WARN  [timesync] time jump detected. Resetting time synchroniser.
WARN  [uxrce_dds_client] time sync no longer converged
INFO  [uxrce_dds_client] time sync converged
WARN  [health_and_arming_checks] Preflight Fail: Yaw estimate error
WARN  [health_and_arming_checks] Preflight Fail: High Accelerometer Bias
WARN  [health_and_arming_checks] Preflight Fail: High Accelerometer Bias
WARN  [timesync] time jump detected. Resetting time synchroniser.
WARN  [uxrce_dds_client] time sync no longer converged
INFO  [uxrce_dds_client] time sync converged
WARN  [timesync] time jump detected. Resetting time synchroniser.
WARN  [uxrce_dds_client] time sync no longer converged
INFO  [uxrce_dds_client] time sync converged
WARN  [health_and_arming_checks] Preflight Fail: Yaw estimate error
WARN  [health_and_arming_checks] Preflight Fail: High Accelerometer Bias
WARN  [health_and_arming_checks] Preflight Fail: High Accelerometer Bias
WARN  [timesync] time jump detected. Resetting time synchroniser.
WARN  [uxrce_dds_client] time sync no longer converged
INFO  [uxrce_dds_client] time sync converged
WARN  [timesync] time jump detected. Resetting time synchroniser.
WARN  [uxrce_dds_client] time sync no longer converged
INFO  [uxrce_dds_client] time sync converged
WARN  [health_and_arming_checks] Preflight Fail: Yaw estimate error
WARN  [health_and_arming_checks] Preflight Fail: High Accelerometer Bias
WARN  [health_and_arming_checks] Preflight Fail: High Accelerometer Bias
WARN  [health_and_arming_checks] Preflight Fail: Yaw estimate error
WARN  [health_and_arming_checks] Preflight Fail: High Accelerometer Bias
WARN  [health_and_arming_checks] Preflight Fail: High Accelerometer Bias
WARN  [timesync] time jump detected. Resetting time synchroniser.
WARN  [uxrce_dds_client] time sync no longer converged
INFO  [uxrce_dds_client] time sync converged
WARN  [timesync] time jump detected. Resetting time synchroniser.
WARN  [uxrce_dds_client] time sync no longer converged
INFO  [uxrce_dds_client] time sync converged
WARN  [health_and_arming_checks] Preflight Fail: Yaw estimate error
WARN  [health_and_arming_checks] Preflight Fail: High Accelerometer Bias
WARN  [health_and_arming_checks] Preflight Fail: High Accelerometer Bias
WARN  [timesync] time jump detected. Resetting time synchroniser.
WARN  [uxrce_dds_client] time sync no longer converged
INFO  [uxrce_dds_client] time sync converged
WARN  [health_and_arming_checks] Preflight Fail: Yaw estimate error
WARN  [health_and_arming_checks] Preflight Fail: High Accelerometer Bias
WARN  [health_and_arming_checks] Preflight Fail: High Accelerometer Bias
WARN  [health_and_arming_checks] Preflight Fail: High Accelerometer Bias
WARN  [timesync] time jump detected. Resetting time synchroniser.
WARN  [uxrce_dds_client] time sync no longer converged
INFO  [uxrce_dds_client] time sync converged
WARN  [health_and_arming_checks] Preflight Fail: Yaw estimate error
WARN  [health_and_arming_checks] Preflight Fail: High Accelerometer Bias
WARN  [health_and_arming_checks] Preflight Fail: High Accelerometer Bias
WARN  [health_and_arming_checks] Preflight Fail: Yaw estimate error
WARN  [health_and_arming_checks] Preflight Fail: High Accelerometer Bias
WARN  [health_and_arming_checks] Preflight Fail: High Accelerometer Bias
WARN  [timesync] time jump detected. Resetting time synchroniser.
WARN  [uxrce_dds_client] time sync no longer converged
INFO  [uxrce_dds_client] time sync converged
WARN  [timesync] time jump detected. Resetting time synchroniser.
WARN  [uxrce_dds_client] time sync no longer converged
INFO  [uxrce_dds_client] time sync converged
WARN  [timesync] time jump detected. Resetting time synchroniser.
WARN  [uxrce_dds_client] time sync no longer converged
INFO  [uxrce_dds_client] time sync converged
WARN  [timesync] time jump detected. Resetting time synchroniser.
WARN  [uxrce_dds_client] time sync no longer converged
INFO  [uxrce_dds_client] time sync converged
WARN  [timesync] time jump detected. Resetting time synchroniser.
WARN  [uxrce_dds_client] time sync no longer converged
INFO  [uxrce_dds_client] time sync converged
WARN  [health_and_arming_checks] Preflight Fail: Yaw estimate error
WARN  [health_and_arming_checks] Preflight Fail: High Accelerometer Bias
WARN  [health_and_arming_checks] Preflight Fail: High Accelerometer Bias
WARN  [health_and_arming_checks] Preflight Fail: Yaw estimate error
WARN  [health_and_arming_checks] Preflight Fail: High Accelerometer Bias
WARN  [health_and_arming_checks] Preflight Fail: High Accelerometer Bias
WARN  [timesync] time jump detected. Resetting time synchroniser.
WARN  [uxrce_dds_client] time sync no longer converged
INFO  [uxrce_dds_client] time sync converged
WARN  [timesync] time jump detected. Resetting time synchroniser.
WARN  [uxrce_dds_client] time sync no longer converged
WARN  [health_and_arming_checks] Preflight Fail: Yaw estimate error
WARN  [health_and_arming_checks] Preflight Fail: High Accelerometer Bias
INFO  [uxrce_dds_client] time sync converged
WARN  [health_and_arming_checks] Preflight Fail: High Accelerometer Bias
WARN  [health_and_arming_checks] Preflight Fail: Yaw estimate error
WARN  [health_and_arming_checks] Preflight Fail: High Accelerometer Bias
WARN  [health_and_arming_checks] Preflight Fail: High Accelerometer Bias
WARN  [health_and_arming_checks] Preflight Fail: Yaw estimate error
WARN  [health_and_arming_checks] Preflight Fail: High Accelerometer Bias
WARN  [health_and_arming_checks] Preflight Fail: High Accelerometer Bias
WARN  [timesync] time jump detected. Resetting time synchroniser.
WARN  [uxrce_dds_client] time sync no longer converged
INFO  [uxrce_dds_client] time sync converged
WARN  [timesync] time jump detected. Resetting time synchroniser.
WARN  [uxrce_dds_client] time sync no longer converged
INFO  [uxrce_dds_client] time sync converged
WARN  [health_and_arming_checks] Preflight Fail: Yaw estimate error
WARN  [health_and_arming_checks] Preflight Fail: High Accelerometer Bias
WARN  [health_and_arming_checks] Preflight Fail: High Accelerometer Bias
WARN  [timesync] time jump detected. Resetting time synchroniser.
WARN  [uxrce_dds_client] time sync no longer converged
INFO  [uxrce_dds_client] time sync converged
WARN  [health_and_arming_checks] Preflight Fail: Yaw estimate error
WARN  [health_and_arming_checks] Preflight Fail: High Accelerometer Bias
WARN  [health_and_arming_checks] Preflight Fail: High Accelerometer Bias
WARN  [timesync] time jump detected. Resetting time synchroniser.
WARN  [uxrce_dds_client] time sync no longer converged
INFO  [uxrce_dds_client] time sync converged
WARN  [health_and_arming_checks] Preflight Fail: High Accelerometer Bias
WARN  [timesync] time jump detected. Resetting time synchroniser.
WARN  [uxrce_dds_client] time sync no longer converged
INFO  [uxrce_dds_client] time sync converged
WARN  [health_and_arming_checks] Preflight Fail: Yaw estimate error
WARN  [health_and_arming_checks] Preflight Fail: High Accelerometer Bias
WARN  [health_and_arming_checks] Preflight Fail: High Accelerometer Bias
WARN  [timesync] time jump detected. Resetting time synchroniser.
WARN  [uxrce_dds_client] time sync no longer converged
INFO  [uxrce_dds_client] time sync converged
WARN  [timesync] time jump detected. Resetting time synchroniser.
WARN  [uxrce_dds_client] time sync no longer converged
INFO  [uxrce_dds_client] time sync converged
WARN  [timesync] time jump detected. Resetting time synchroniser.
WARN  [uxrce_dds_client] time sync no longer converged
INFO  [uxrce_dds_client] time sync converged
WARN  [timesync] time jump detected. Resetting time synchroniser.
WARN  [uxrce_dds_client] time sync no longer converged
INFO  [uxrce_dds_client] time sync converged
WARN  [health_and_arming_checks] Preflight Fail: Yaw estimate error
WARN  [health_and_arming_checks] Preflight Fail: High Accelerometer Bias
WARN  [health_and_arming_checks] Preflight Fail: High Accelerometer Bias
WARN  [timesync] time jump detected. Resetting time synchroniser.
WARN  [uxrce_dds_client] time sync no longer converged
INFO  [uxrce_dds_client] time sync converged
WARN  [timesync] time jump detected. Resetting time synchroniser.
WARN  [uxrce_dds_client] time sync no longer converged
INFO  [uxrce_dds_client] time sync converged
WARN  [health_and_arming_checks] Preflight Fail: Yaw estimate error
WARN  [health_and_arming_checks] Preflight Fail: High Accelerometer Bias
WARN  [timesync] time jump detected. Resetting time synchroniser.
WARN  [uxrce_dds_client] time sync no longer converged
WARN  [health_and_arming_checks] Preflight Fail: High Accelerometer Bias
INFO  [uxrce_dds_client] time sync converged
WARN  [health_and_arming_checks] Preflight Fail: High Accelerometer Bias
WARN  [timesync] time jump detected. Resetting time synchroniser.
WARN  [uxrce_dds_client] time sync no longer converged
INFO  [uxrce_dds_client] time sync converged
WARN  [health_and_arming_checks] Preflight Fail: Yaw estimate error
WARN  [health_and_arming_checks] Preflight Fail: High Accelerometer Bias
WARN  [health_and_arming_checks] Preflight Fail: High Accelerometer Bias
WARN  [health_and_arming_checks] Preflight Fail: Yaw estimate error
WARN  [health_and_arming_checks] Preflight Fail: High Accelerometer Bias
WARN  [health_and_arming_checks] Preflight Fail: High Accelerometer Bias
WARN  [timesync] time jump detected. Resetting time synchroniser.
WARN  [uxrce_dds_client] time sync no longer converged
INFO  [uxrce_dds_client] time sync converged
WARN  [health_and_arming_checks] Preflight Fail: Yaw estimate error
WARN  [health_and_arming_checks] Preflight Fail: High Accelerometer Bias
WARN  [health_and_arming_checks] Preflight Fail: High Accelerometer Bias
WARN  [timesync] time jump detected. Resetting time synchroniser.
WARN  [uxrce_dds_client] time sync no longer converged
INFO  [uxrce_dds_client] time sync converged
WARN  [health_and_arming_checks] Preflight Fail: Yaw estimate error
WARN  [health_and_arming_checks] Preflight Fail: High Accelerometer Bias
WARN  [health_and_arming_checks] Preflight Fail: High Accelerometer Bias
WARN  [timesync] time jump detected. Resetting time synchroniser.
WARN  [uxrce_dds_client] time sync no longer converged
INFO  [uxrce_dds_client] time sync converged
WARN  [timesync] time jump detected. Resetting time synchroniser.
WARN  [uxrce_dds_client] time sync no longer converged
INFO  [uxrce_dds_client] time sync converged
WARN  [health_and_arming_checks] Preflight Fail: Yaw estimate error
WARN  [health_and_arming_checks] Preflight Fail: High Accelerometer Bias
WARN  [health_and_arming_checks] Preflight Fail: High Accelerometer Bias
WARN  [health_and_arming_checks] Preflight Fail: Yaw estimate error
WARN  [health_and_arming_checks] Preflight Fail: High Accelerometer Bias
WARN  [health_and_arming_checks] Preflight Fail: High Accelerometer Bias
WARN  [timesync] time jump detected. Resetting time synchroniser.
WARN  [uxrce_dds_client] time sync no longer converged
INFO  [uxrce_dds_client] time sync converged
WARN  [health_and_arming_checks] Preflight Fail: Yaw estimate error
WARN  [health_and_arming_checks] Preflight Fail: High Accelerometer Bias
WARN  [health_and_arming_checks] Preflight Fail: High Accelerometer Bias
WARN  [timesync] time jump detected. Resetting time synchroniser.
WARN  [uxrce_dds_client] time sync no longer converged
INFO  [uxrce_dds_client] time sync converged
WARN  [timesync] time jump detected. Resetting time synchroniser.
WARN  [uxrce_dds_client] time sync no longer converged
INFO  [uxrce_dds_client] time sync converged
WARN  [timesync] time jump detected. Resetting time synchroniser.
WARN  [uxrce_dds_client] time sync no longer converged
INFO  [uxrce_dds_client] time sync converged
WARN  [timesync] time jump detected. Resetting time synchroniser.
WARN  [uxrce_dds_client] time sync no longer converged
INFO  [uxrce_dds_client] time sync converged
WARN  [health_and_arming_checks] Preflight Fail: Yaw estimate error
WARN  [health_and_arming_checks] Preflight Fail: High Accelerometer Bias
WARN  [health_and_arming_checks] Preflight Fail: High Accelerometer Bias
WARN  [timesync] time jump detected. Resetting time synchroniser.
WARN  [uxrce_dds_client] time sync no longer converged
INFO  [uxrce_dds_client] time sync converged
WARN  [timesync] time jump detected. Resetting time synchroniser.
WARN  [uxrce_dds_client] time sync no longer converged
INFO  [uxrce_dds_client] time sync converged
WARN  [timesync] time jump detected. Resetting time synchroniser.
WARN  [uxrce_dds_client] time sync no longer converged
INFO  [uxrce_dds_client] time sync converged
WARN  [timesync] time jump detected. Resetting time synchroniser.
WARN  [uxrce_dds_client] time sync no longer converged
INFO  [uxrce_dds_client] time sync converged
WARN  [timesync] time jump detected. Resetting time synchroniser.
WARN  [uxrce_dds_client] time sync no longer converged
INFO  [uxrce_dds_client] time sync converged
WARN  [timesync] time jump detected. Resetting time synchroniser.
WARN  [uxrce_dds_client] time sync no longer converged
INFO  [uxrce_dds_client] time sync converged
WARN  [timesync] time jump detected. Resetting time synchroniser.
WARN  [uxrce_dds_client] time sync no longer converged
INFO  [uxrce_dds_client] time sync converged
WARN  [timesync] time jump detected. Resetting time synchroniser.
WARN  [uxrce_dds_client] time sync no longer converged
INFO  [uxrce_dds_client] time sync converged
WARN  [health_and_arming_checks] Preflight Fail: Yaw estimate error
WARN  [health_and_arming_checks] Preflight Fail: High Accelerometer Bias
WARN  [timesync] time jump detected. Resetting time synchroniser.
WARN  [uxrce_dds_client] time sync no longer converged
WARN  [health_and_arming_checks] Preflight Fail: High Accelerometer Bias
INFO  [uxrce_dds_client] time sync converged
WARN  [health_and_arming_checks] Preflight Fail: Yaw estimate error
WARN  [health_and_arming_checks] Preflight Fail: High Accelerometer Bias
WARN  [health_and_arming_checks] Preflight Fail: High Accelerometer Bias
WARN  [health_and_arming_checks] Preflight Fail: Yaw estimate error
WARN  [health_and_arming_checks] Preflight Fail: High Accelerometer Bias
WARN  [health_and_arming_checks] Preflight Fail: High Accelerometer Bias
WARN  [timesync] time jump detected. Resetting time synchroniser.
WARN  [uxrce_dds_client] time sync no longer converged
INFO  [uxrce_dds_client] time sync converged
WARN  [timesync] time jump detected. Resetting time synchroniser.
WARN  [uxrce_dds_client] time sync no longer converged
INFO  [uxrce_dds_client] time sync converged
WARN  [timesync] time jump detected. Resetting time synchroniser.
WARN  [uxrce_dds_client] time sync no longer converged
WARN  [health_and_arming_checks] Preflight Fail: Yaw estimate error
WARN  [health_and_arming_checks] Preflight Fail: High Accelerometer Bias
INFO  [uxrce_dds_client] time sync converged
WARN  [health_and_arming_checks] Preflight Fail: High Accelerometer Bias
WARN  [health_and_arming_checks] Preflight Fail: Yaw estimate error
WARN  [health_and_arming_checks] Preflight Fail: High Accelerometer Bias
WARN  [health_and_arming_checks] Preflight Fail: High Accelerometer Bias
WARN  [timesync] time jump detected. Resetting time synchroniser.
WARN  [uxrce_dds_client] time sync no longer converged
INFO  [uxrce_dds_client] time sync converged
WARN  [health_and_arming_checks] Preflight Fail: Yaw estimate error
WARN  [health_and_arming_checks] Preflight Fail: High Accelerometer Bias
WARN  [health_and_arming_checks] Preflight Fail: High Accelerometer Bias
WARN  [health_and_arming_checks] Preflight Fail: High Accelerometer Bias
WARN  [timesync] time jump detected. Resetting time synchroniser.
WARN  [uxrce_dds_client] time sync no longer converged
INFO  [uxrce_dds_client] time sync converged
WARN  [timesync] time jump detected. Resetting time synchroniser.
WARN  [uxrce_dds_client] time sync no longer converged
WARN  [health_and_arming_checks] Preflight Fail: Yaw estimate error
WARN  [health_and_arming_checks] Preflight Fail: High Accelerometer Bias
INFO  [uxrce_dds_client] time sync converged
WARN  [health_and_arming_checks] Preflight Fail: High Accelerometer Bias
WARN  [health_and_arming_checks] Preflight Fail: Yaw estimate error
WARN  [health_and_arming_checks] Preflight Fail: High Accelerometer Bias
WARN  [health_and_arming_checks] Preflight Fail: High Accelerometer Bias
WARN  [health_and_arming_checks] Preflight Fail: Yaw estimate error
WARN  [health_and_arming_checks] Preflight Fail: High Accelerometer Bias
WARN  [health_and_arming_checks] Preflight Fail: High Accelerometer Bias
WARN  [timesync] time jump detected. Resetting time synchroniser.
WARN  [uxrce_dds_client] time sync no longer converged
INFO  [uxrce_dds_client] time sync converged
WARN  [health_and_arming_checks] Preflight Fail: Yaw estimate error
WARN  [health_and_arming_checks] Preflight Fail: High Accelerometer Bias
WARN  [health_and_arming_checks] Preflight Fail: High Accelerometer Bias
WARN  [timesync] time jump detected. Resetting time synchroniser.
WARN  [uxrce_dds_client] time sync no longer converged
INFO  [uxrce_dds_client] time sync converged
WARN  [timesync] time jump detected. Resetting time synchroniser.
WARN  [uxrce_dds_client] time sync no longer converged
INFO  [uxrce_dds_client] time sync converged
WARN  [timesync] time jump detected. Resetting time synchroniser.
WARN  [uxrce_dds_client] time sync no longer converged
INFO  [uxrce_dds_client] time sync converged
WARN  [timesync] time jump detected. Resetting time synchroniser.
WARN  [uxrce_dds_client] time sync no longer converged
INFO  [uxrce_dds_client] time sync converged
WARN  [timesync] time jump detected. Resetting time synchroniser.
WARN  [uxrce_dds_client] time sync no longer converged
INFO  [uxrce_dds_client] time sync converged
WARN  [health_and_arming_checks] Preflight Fail: Yaw estimate error
WARN  [health_and_arming_checks] Preflight Fail: High Accelerometer Bias
WARN  [health_and_arming_checks] Preflight Fail: High Accelerometer Bias
WARN  [health_and_arming_checks] Preflight Fail: Yaw estimate error
WARN  [health_and_arming_checks] Preflight Fail: High Accelerometer Bias
WARN  [timesync] time jump detected. Resetting time synchroniser.
WARN  [uxrce_dds_client] time sync no longer converged
INFO  [uxrce_dds_client] time sync converged
WARN  [health_and_arming_checks] Preflight Fail: High Accelerometer Bias
WARN  [health_and_arming_checks] Preflight Fail: Yaw estimate error
WARN  [health_and_arming_checks] Preflight Fail: High Accelerometer Bias
WARN  [health_and_arming_checks] Preflight Fail: High Accelerometer Bias
WARN  [health_and_arming_checks] Preflight Fail: Yaw estimate error
WARN  [health_and_arming_checks] Preflight Fail: High Accelerometer Bias
WARN  [health_and_arming_checks] Preflight Fail: High Accelerometer Bias
WARN  [timesync] time jump detected. Resetting time synchroniser.
WARN  [uxrce_dds_client] time sync no longer converged
INFO  [uxrce_dds_client] time sync converged
WARN  [timesync] time jump detected. Resetting time synchroniser.
WARN  [uxrce_dds_client] time sync no longer converged
WARN  [health_and_arming_checks] Preflight Fail: Yaw estimate error
WARN  [health_and_arming_checks] Preflight Fail: High Accelerometer Bias
INFO  [uxrce_dds_client] time sync converged
WARN  [health_and_arming_checks] Preflight Fail: High Accelerometer Bias
WARN  [health_and_arming_checks] Preflight Fail: Yaw estimate error
WARN  [health_and_arming_checks] Preflight Fail: High Accelerometer Bias
WARN  [health_and_arming_checks] Preflight Fail: High Accelerometer Bias
WARN  [timesync] time jump detected. Resetting time synchroniser.
WARN  [uxrce_dds_client] time sync no longer converged
INFO  [uxrce_dds_client] time sync converged
WARN  [health_and_arming_checks] Preflight Fail: Yaw estimate error
WARN  [health_and_arming_checks] Preflight Fail: High Accelerometer Bias
WARN  [health_and_arming_checks] Preflight Fail: High Accelerometer Bias
WARN  [timesync] time jump detected. Resetting time synchroniser.
WARN  [uxrce_dds_client] time sync no longer converged
INFO  [uxrce_dds_client] time sync converged
WARN  [health_and_arming_checks] Preflight Fail: Yaw estimate error
WARN  [health_and_arming_checks] Preflight Fail: High Accelerometer Bias
WARN  [health_and_arming_checks] Preflight Fail: High Accelerometer Bias
WARN  [timesync] time jump detected. Resetting time synchroniser.
WARN  [uxrce_dds_client] time sync no longer converged
INFO  [uxrce_dds_client] time sync converged
WARN  [health_and_arming_checks] Preflight Fail: Yaw estimate error
WARN  [health_and_arming_checks] Preflight Fail: High Accelerometer Bias
WARN  [timesync] time jump detected. Resetting time synchroniser.
WARN  [uxrce_dds_client] time sync no longer converged
WARN  [health_and_arming_checks] Preflight Fail: High Accelerometer Bias
INFO  [uxrce_dds_client] time sync converged
WARN  [health_and_arming_checks] Preflight Fail: Yaw estimate error
WARN  [health_and_arming_checks] Preflight Fail: High Accelerometer Bias
WARN  [health_and_arming_checks] Preflight Fail: High Accelerometer Bias
WARN  [timesync] time jump detected. Resetting time synchroniser.
WARN  [uxrce_dds_client] time sync no longer converged
INFO  [uxrce_dds_client] time sync converged
WARN  [timesync] time jump detected. Resetting time synchroniser.
WARN  [uxrce_dds_client] time sync no longer converged
INFO  [uxrce_dds_client] time sync converged
WARN  [timesync] time jump detected. Resetting time synchroniser.
WARN  [uxrce_dds_client] time sync no longer converged
INFO  [uxrce_dds_client] time sync converged
WARN  [timesync] time jump detected. Resetting time synchroniser.
WARN  [uxrce_dds_client] time sync no longer converged
INFO  [uxrce_dds_client] time sync converged
WARN  [timesync] time jump detected. Resetting time synchroniser.
WARN  [uxrce_dds_client] time sync no longer converged
INFO  [uxrce_dds_client] time sync converged
WARN  [timesync] time jump detected. Resetting time synchroniser.
WARN  [uxrce_dds_client] time sync no longer converged
INFO  [uxrce_dds_client] time sync converged
WARN  [health_and_arming_checks] Preflight Fail: Yaw estimate error
WARN  [health_and_arming_checks] Preflight Fail: High Accelerometer Bias
WARN  [health_and_arming_checks] Preflight Fail: High Accelerometer Bias
WARN  [timesync] time jump detected. Resetting time synchroniser.
WARN  [uxrce_dds_client] time sync no longer converged
INFO  [uxrce_dds_client] time sync converged
WARN  [timesync] time jump detected. Resetting time synchroniser.
WARN  [uxrce_dds_client] time sync no longer converged
INFO  [uxrce_dds_client] time sync converged
WARN  [timesync] time jump detected. Resetting time synchroniser.
WARN  [uxrce_dds_client] time sync no longer converged
INFO  [uxrce_dds_client] time sync converged
WARN  [health_and_arming_checks] Preflight Fail: Yaw estimate error
WARN  [health_and_arming_checks] Preflight Fail: High Accelerometer Bias
WARN  [health_and_arming_checks] Preflight Fail: High Accelerometer Bias
WARN  [timesync] time jump detected. Resetting time synchroniser.
WARN  [uxrce_dds_client] time sync no longer converged
INFO  [uxrce_dds_client] time sync converged
WARN  [timesync] time jump detected. Resetting time synchroniser.
WARN  [uxrce_dds_client] time sync no longer converged
INFO  [uxrce_dds_client] time sync converged
WARN  [timesync] time jump detected. Resetting time synchroniser.
WARN  [uxrce_dds_client] time sync no longer converged
INFO  [uxrce_dds_client] time sync converged
WARN  [timesync] time jump detected. Resetting time synchroniser.
WARN  [uxrce_dds_client] time sync no longer converged
INFO  [uxrce_dds_client] time sync converged
WARN  [health_and_arming_checks] Preflight Fail: Yaw estimate error
WARN  [health_and_arming_checks] Preflight Fail: High Accelerometer Bias
WARN  [health_and_arming_checks] Preflight Fail: High Accelerometer Bias
WARN  [timesync] time jump detected. Resetting time synchroniser.
WARN  [uxrce_dds_client] time sync no longer converged
INFO  [uxrce_dds_client] time sync converged
WARN  [timesync] time jump detected. Resetting time synchroniser.
WARN  [uxrce_dds_client] time sync no longer converged
INFO  [uxrce_dds_client] time sync converged
WARN  [timesync] time jump detected. Resetting time synchroniser.
WARN  [uxrce_dds_client] time sync no longer converged
INFO  [uxrce_dds_client] time sync converged
WARN  [timesync] time jump detected. Resetting time synchroniser.
WARN  [uxrce_dds_client] time sync no longer converged
INFO  [uxrce_dds_client] time sync converged
WARN  [health_and_arming_checks] Preflight Fail: Yaw estimate error
WARN  [health_and_arming_checks] Preflight Fail: High Accelerometer Bias
WARN  [health_and_arming_checks] Preflight Fail: High Accelerometer Bias
WARN  [timesync] time jump detected. Resetting time synchroniser.
WARN  [uxrce_dds_client] time sync no longer converged
INFO  [uxrce_dds_client] time sync converged
WARN  [health_and_arming_checks] Preflight Fail: Yaw estimate error
WARN  [health_and_arming_checks] Preflight Fail: High Accelerometer Bias
WARN  [health_and_arming_checks] Preflight Fail: High Accelerometer Bias
WARN  [timesync] time jump detected. Resetting time synchroniser.
WARN  [uxrce_dds_client] time sync no longer converged
INFO  [uxrce_dds_client] time sync converged
WARN  [timesync] time jump detected. Resetting time synchroniser.
WARN  [uxrce_dds_client] time sync no longer converged
INFO  [uxrce_dds_client] time sync converged
WARN  [health_and_arming_checks] Preflight Fail: Yaw estimate error
WARN  [health_and_arming_checks] Preflight Fail: High Accelerometer Bias
WARN  [health_and_arming_checks] Preflight Fail: High Accelerometer Bias
WARN  [timesync] time jump detected. Resetting time synchroniser.
WARN  [uxrce_dds_client] time sync no longer converged
INFO  [uxrce_dds_client] time sync converged
WARN  [timesync] time jump detected. Resetting time synchroniser.
WARN  [uxrce_dds_client] time sync no longer converged
INFO  [uxrce_dds_client] time sync converged
WARN  [timesync] time jump detected. Resetting time synchroniser.
WARN  [uxrce_dds_client] time sync no longer converged
INFO  [uxrce_dds_client] time sync converged
WARN  [timesync] time jump detected. Resetting time synchroniser.
WARN  [uxrce_dds_client] time sync no longer converged
INFO  [uxrce_dds_client] time sync converged
WARN  [timesync] time jump detected. Resetting time synchroniser.
WARN  [uxrce_dds_client] time sync no longer converged
INFO  [uxrce_dds_client] time sync converged
WARN  [health_and_arming_checks] Preflight Fail: Yaw estimate error
WARN  [health_and_arming_checks] Preflight Fail: High Accelerometer Bias
WARN  [health_and_arming_checks] Preflight Fail: High Accelerometer Bias
WARN  [timesync] time jump detected. Resetting time synchroniser.
WARN  [uxrce_dds_client] time sync no longer converged
INFO  [uxrce_dds_client] time sync converged
WARN  [health_and_arming_checks] Preflight Fail: Yaw estimate error
WARN  [health_and_arming_checks] Preflight Fail: High Accelerometer Bias
WARN  [health_and_arming_checks] Preflight Fail: High Accelerometer Bias
WARN  [health_and_arming_checks] Preflight Fail: Yaw estimate error
WARN  [health_and_arming_checks] Preflight Fail: High Accelerometer Bias
WARN  [health_and_arming_checks] Preflight Fail: High Accelerometer Bias
WARN  [timesync] time jump detected. Resetting time synchroniser.
WARN  [uxrce_dds_client] time sync no longer converged
INFO  [uxrce_dds_client] time sync converged
WARN  [timesync] time jump detected. Resetting time synchroniser.
WARN  [uxrce_dds_client] time sync no longer converged
INFO  [uxrce_dds_client] time sync converged
WARN  [timesync] time jump detected. Resetting time synchroniser.
WARN  [uxrce_dds_client] time sync no longer converged
INFO  [uxrce_dds_client] time sync converged
WARN  [health_and_arming_checks] Preflight Fail: Yaw estimate error
WARN  [health_and_arming_checks] Preflight Fail: High Accelerometer Bias
WARN  [health_and_arming_checks] Preflight Fail: High Accelerometer Bias
WARN  [timesync] time jump detected. Resetting time synchroniser.
WARN  [uxrce_dds_client] time sync no longer converged
INFO  [uxrce_dds_client] time sync converged
WARN  [timesync] time jump detected. Resetting time synchroniser.
WARN  [uxrce_dds_client] time sync no longer converged
INFO  [uxrce_dds_client] time sync converged
WARN  [timesync] time jump detected. Resetting time synchroniser.
WARN  [uxrce_dds_client] time sync no longer converged
INFO  [uxrce_dds_client] time sync converged
WARN  [timesync] time jump detected. Resetting time synchroniser.
WARN  [uxrce_dds_client] time sync no longer converged
INFO  [uxrce_dds_client] time sync converged
WARN  [health_and_arming_checks] Preflight Fail: Yaw estimate error
WARN  [health_and_arming_checks] Preflight Fail: High Accelerometer Bias
WARN  [health_and_arming_checks] Preflight Fail: High Accelerometer Bias
WARN  [health_and_arming_checks] Preflight Fail: Yaw estimate error
WARN  [health_and_arming_checks] Preflight Fail: High Accelerometer Bias
WARN  [health_and_arming_checks] Preflight Fail: High Accelerometer Bias
WARN  [health_and_arming_checks] Preflight Fail: High Accelerometer Bias
WARN  [timesync] time jump detected. Resetting time synchroniser.
WARN  [uxrce_dds_client] time sync no longer converged
INFO  [uxrce_dds_client] time sync converged
WARN  [timesync] time jump detected. Resetting time synchroniser.
WARN  [uxrce_dds_client] time sync no longer converged
INFO  [uxrce_dds_client] time sync converged
WARN  [timesync] time jump detected. Resetting time synchroniser.
WARN  [uxrce_dds_client] time sync no longer converged
INFO  [uxrce_dds_client] time sync converged
WARN  [timesync] time jump detected. Resetting time synchroniser.
WARN  [uxrce_dds_client] time sync no longer converged
INFO  [uxrce_dds_client] time sync converged
WARN  [timesync] time jump detected. Resetting time synchroniser.
WARN  [uxrce_dds_client] time sync no longer converged
INFO  [uxrce_dds_client] time sync converged
WARN  [timesync] time jump detected. Resetting time synchroniser.
WARN  [uxrce_dds_client] time sync no longer converged
INFO  [uxrce_dds_client] time sync converged
WARN  [health_and_arming_checks] Preflight Fail: Yaw estimate error
WARN  [health_and_arming_checks] Preflight Fail: High Accelerometer Bias
WARN  [health_and_arming_checks] Preflight Fail: High Accelerometer Bias
WARN  [timesync] time jump detected. Resetting time synchroniser.
WARN  [uxrce_dds_client] time sync no longer converged
INFO  [uxrce_dds_client] time sync converged
WARN  [health_and_arming_checks] Preflight Fail: Yaw estimate error
WARN  [health_and_arming_checks] Preflight Fail: High Accelerometer Bias
WARN  [health_and_arming_checks] Preflight Fail: High Accelerometer Bias
WARN  [timesync] time jump detected. Resetting time synchroniser.
WARN  [uxrce_dds_client] time sync no longer converged
INFO  [uxrce_dds_client] time sync converged
WARN  [timesync] time jump detected. Resetting time synchroniser.
WARN  [uxrce_dds_client] time sync no longer converged
INFO  [uxrce_dds_client] time sync converged
WARN  [timesync] time jump detected. Resetting time synchroniser.
WARN  [uxrce_dds_client] time sync no longer converged
INFO  [uxrce_dds_client] time sync converged
WARN  [timesync] time jump detected. Resetting time synchroniser.
WARN  [uxrce_dds_client] time sync no longer converged
INFO  [uxrce_dds_client] time sync converged
WARN  [health_and_arming_checks] Preflight Fail: Yaw estimate error
WARN  [health_and_arming_checks] Preflight Fail: High Accelerometer Bias
WARN  [timesync] time jump detected. Resetting time synchroniser.
WARN  [uxrce_dds_client] time sync no longer converged
INFO  [uxrce_dds_client] time sync converged
WARN  [health_and_arming_checks] Preflight Fail: High Accelerometer Bias
WARN  [timesync] time jump detected. Resetting time synchroniser.
WARN  [uxrce_dds_client] time sync no longer converged
INFO  [uxrce_dds_client] time sync converged
WARN  [health_and_arming_checks] Preflight Fail: Yaw estimate error
WARN  [health_and_arming_checks] Preflight Fail: High Accelerometer Bias
WARN  [health_and_arming_checks] Preflight Fail: High Accelerometer Bias
WARN  [timesync] time jump detected. Resetting time synchroniser.
WARN  [uxrce_dds_client] time sync no longer converged
INFO  [uxrce_dds_client] time sync converged
WARN  [timesync] time jump detected. Resetting time synchroniser.
WARN  [uxrce_dds_client] time sync no longer converged
INFO  [uxrce_dds_client] time sync converged
WARN  [health_and_arming_checks] Preflight Fail: Yaw estimate error
WARN  [health_and_arming_checks] Preflight Fail: High Accelerometer Bias
WARN  [health_and_arming_checks] Preflight Fail: High Accelerometer Bias
WARN  [timesync] time jump detected. Resetting time synchroniser.
WARN  [uxrce_dds_client] time sync no longer converged
INFO  [uxrce_dds_client] time sync converged
WARN  [timesync] time jump detected. Resetting time synchroniser.
WARN  [uxrce_dds_client] time sync no longer converged
INFO  [uxrce_dds_client] time sync converged
WARN  [health_and_arming_checks] Preflight Fail: Yaw estimate error
WARN  [health_and_arming_checks] Preflight Fail: High Accelerometer Bias
WARN  [health_and_arming_checks] Preflight Fail: High Accelerometer Bias
WARN  [timesync] time jump detected. Resetting time synchroniser.
WARN  [uxrce_dds_client] time sync no longer converged
INFO  [uxrce_dds_client] time sync converged
WARN  [health_and_arming_checks] Preflight Fail: Yaw estimate error
WARN  [health_and_arming_checks] Preflight Fail: High Accelerometer Bias
WARN  [timesync] time jump detected. Resetting time synchroniser.
WARN  [uxrce_dds_client] time sync no longer converged
WARN  [health_and_arming_checks] Preflight Fail: High Accelerometer Bias
INFO  [uxrce_dds_client] time sync converged
WARN  [timesync] time jump detected. Resetting time synchroniser.
WARN  [uxrce_dds_client] time sync no longer converged
INFO  [uxrce_dds_client] time sync converged
WARN  [health_and_arming_checks] Preflight Fail: Yaw estimate error
WARN  [health_and_arming_checks] Preflight Fail: High Accelerometer Bias
WARN  [timesync] time jump detected. Resetting time synchroniser.
WARN  [uxrce_dds_client] time sync no longer converged
INFO  [uxrce_dds_client] time sync converged
WARN  [health_and_arming_checks] Preflight Fail: High Accelerometer Bias
WARN  [timesync] time jump detected. Resetting time synchroniser.
WARN  [uxrce_dds_client] time sync no longer converged
INFO  [uxrce_dds_client] time sync converged
WARN  [timesync] time jump detected. Resetting time synchroniser.
WARN  [uxrce_dds_client] time sync no longer converged
INFO  [uxrce_dds_client] time sync converged
WARN  [timesync] time jump detected. Resetting time synchroniser.
WARN  [uxrce_dds_client] time sync no longer converged
INFO  [uxrce_dds_client] time sync converged
WARN  [health_and_arming_checks] Preflight Fail: Yaw estimate error
WARN  [health_and_arming_checks] Preflight Fail: High Accelerometer Bias
WARN  [timesync] time jump detected. Resetting time synchroniser.
WARN  [uxrce_dds_client] time sync no longer converged
WARN  [health_and_arming_checks] Preflight Fail: High Accelerometer Bias
INFO  [uxrce_dds_client] time sync converged
WARN  [health_and_arming_checks] Preflight Fail: High Accelerometer Bias
WARN  [health_and_arming_checks] Preflight Fail: Yaw estimate error
WARN  [health_and_arming_checks] Preflight Fail: High Accelerometer Bias
WARN  [health_and_arming_checks] Preflight Fail: High Accelerometer Bias
WARN  [timesync] time jump detected. Resetting time synchroniser.
WARN  [uxrce_dds_client] time sync no longer converged
INFO  [uxrce_dds_client] time sync converged
WARN  [timesync] time jump detected. Resetting time synchroniser.
WARN  [uxrce_dds_client] time sync no longer converged
INFO  [uxrce_dds_client] time sync converged
WARN  [timesync] time jump detected. Resetting time synchroniser.
WARN  [uxrce_dds_client] time sync no longer converged
INFO  [uxrce_dds_client] time sync converged
WARN  [health_and_arming_checks] Preflight Fail: Yaw estimate error
WARN  [health_and_arming_checks] Preflight Fail: High Accelerometer Bias
WARN  [health_and_arming_checks] Preflight Fail: High Accelerometer Bias
WARN  [timesync] time jump detected. Resetting time synchroniser.
WARN  [uxrce_dds_client] time sync no longer converged
INFO  [uxrce_dds_client] time sync converged
WARN  [health_and_arming_checks] Preflight Fail: Yaw estimate error
WARN  [health_and_arming_checks] Preflight Fail: High Accelerometer Bias
WARN  [health_and_arming_checks] Preflight Fail: High Accelerometer Bias
WARN  [timesync] time jump detected. Resetting time synchroniser.
WARN  [uxrce_dds_client] time sync no longer converged
INFO  [uxrce_dds_client] time sync converged
WARN  [timesync] time jump detected. Resetting time synchroniser.
WARN  [uxrce_dds_client] time sync no longer converged
INFO  [uxrce_dds_client] time sync converged
WARN  [health_and_arming_checks] Preflight Fail: Yaw estimate error
WARN  [health_and_arming_checks] Preflight Fail: High Accelerometer Bias
WARN  [health_and_arming_checks] Preflight Fail: High Accelerometer Bias
WARN  [timesync] time jump detected. Resetting time synchroniser.
WARN  [uxrce_dds_client] time sync no longer converged
INFO  [uxrce_dds_client] time sync converged
WARN  [health_and_arming_checks] Preflight Fail: Yaw estimate error
WARN  [health_and_arming_checks] Preflight Fail: High Accelerometer Bias
WARN  [health_and_arming_checks] Preflight Fail: High Accelerometer Bias
WARN  [timesync] time jump detected. Resetting time synchroniser.
WARN  [uxrce_dds_client] time sync no longer converged
INFO  [uxrce_dds_client] time sync converged
WARN  [timesync] time jump detected. Resetting time synchroniser.
WARN  [uxrce_dds_client] time sync no longer converged
INFO  [uxrce_dds_client] time sync converged
WARN  [health_and_arming_checks] Preflight Fail: Yaw estimate error
WARN  [health_and_arming_checks] Preflight Fail: High Accelerometer Bias
WARN  [health_and_arming_checks] Preflight Fail: High Accelerometer Bias
WARN  [health_and_arming_checks] Preflight Fail: Yaw estimate error
WARN  [health_and_arming_checks] Preflight Fail: High Accelerometer Bias
WARN  [timesync] time jump detected. Resetting time synchroniser.
WARN  [uxrce_dds_client] time sync no longer converged
WARN  [health_and_arming_checks] Preflight Fail: High Accelerometer Bias
INFO  [uxrce_dds_client] time sync converged
WARN  [health_and_arming_checks] Preflight Fail: Yaw estimate error
WARN  [health_and_arming_checks] Preflight Fail: High Accelerometer Bias
WARN  [health_and_arming_checks] Preflight Fail: High Accelerometer Bias
WARN  [timesync] time jump detected. Resetting time synchroniser.
WARN  [uxrce_dds_client] time sync no longer converged
INFO  [uxrce_dds_client] time sync converged
WARN  [timesync] time jump detected. Resetting time synchroniser.
WARN  [uxrce_dds_client] time sync no longer converged
INFO  [uxrce_dds_client] time sync converged
WARN  [timesync] time jump detected. Resetting time synchroniser.
WARN  [uxrce_dds_client] time sync no longer converged
INFO  [uxrce_dds_client] time sync converged
WARN  [health_and_arming_checks] Preflight Fail: Yaw estimate error
WARN  [health_and_arming_checks] Preflight Fail: High Accelerometer Bias
WARN  [health_and_arming_checks] Preflight Fail: High Accelerometer Bias
WARN  [health_and_arming_checks] Preflight Fail: Yaw estimate error
WARN  [health_and_arming_checks] Preflight Fail: High Accelerometer Bias
WARN  [health_and_arming_checks] Preflight Fail: High Accelerometer Bias
WARN  [timesync] time jump detected. Resetting time synchroniser.
WARN  [uxrce_dds_client] time sync no longer converged
INFO  [uxrce_dds_client] time sync converged
WARN  [timesync] time jump detected. Resetting time synchroniser.
WARN  [uxrce_dds_client] time sync no longer converged
INFO  [uxrce_dds_client] time sync converged
WARN  [timesync] time jump detected. Resetting time synchroniser.
WARN  [uxrce_dds_client] time sync no longer converged
INFO  [uxrce_dds_client] time sync converged
WARN  [timesync] time jump detected. Resetting time synchroniser.
WARN  [uxrce_dds_client] time sync no longer converged
INFO  [uxrce_dds_client] time sync converged
WARN  [timesync] time jump detected. Resetting time synchroniser.
WARN  [uxrce_dds_client] time sync no longer converged
INFO  [uxrce_dds_client] time sync converged
WARN  [health_and_arming_checks] Preflight Fail: Yaw estimate error
WARN  [health_and_arming_checks] Preflight Fail: High Accelerometer Bias
WARN  [health_and_arming_checks] Preflight Fail: High Accelerometer Bias
WARN  [timesync] time jump detected. Resetting time synchroniser.
WARN  [uxrce_dds_client] time sync no longer converged
INFO  [uxrce_dds_client] time sync converged
WARN  [timesync] time jump detected. Resetting time synchroniser.
WARN  [uxrce_dds_client] time sync no longer converged
INFO  [uxrce_dds_client] time sync converged
WARN  [timesync] time jump detected. Resetting time synchroniser.
WARN  [uxrce_dds_client] time sync no longer converged
INFO  [uxrce_dds_client] time sync converged
WARN  [health_and_arming_checks] Preflight Fail: Yaw estimate error
WARN  [health_and_arming_checks] Preflight Fail: High Accelerometer Bias
WARN  [health_and_arming_checks] Preflight Fail: High Accelerometer Bias
WARN  [health_and_arming_checks] Preflight Fail: Yaw estimate error
WARN  [health_and_arming_checks] Preflight Fail: High Accelerometer Bias
WARN  [health_and_arming_checks] Preflight Fail: High Accelerometer Bias
WARN  [timesync] time jump detected. Resetting time synchroniser.
WARN  [uxrce_dds_client] time sync no longer converged
INFO  [uxrce_dds_client] time sync converged
WARN  [timesync] time jump detected. Resetting time synchroniser.
WARN  [uxrce_dds_client] time sync no longer converged
INFO  [uxrce_dds_client] time sync converged
WARN  [health_and_arming_checks] Preflight Fail: Yaw estimate error
WARN  [health_and_arming_checks] Preflight Fail: High Accelerometer Bias
WARN  [health_and_arming_checks] Preflight Fail: High Accelerometer Bias
WARN  [timesync] time jump detected. Resetting time synchroniser.
WARN  [uxrce_dds_client] time sync no longer converged
INFO  [uxrce_dds_client] time sync converged
WARN  [timesync] time jump detected. Resetting time synchroniser.
WARN  [uxrce_dds_client] time sync no longer converged
INFO  [uxrce_dds_client] time sync converged
WARN  [timesync] time jump detected. Resetting time synchroniser.
WARN  [uxrce_dds_client] time sync no longer converged
INFO  [uxrce_dds_client] time sync converged
WARN  [timesync] time jump detected. Resetting time synchroniser.
WARN  [uxrce_dds_client] time sync no longer converged
INFO  [uxrce_dds_client] time sync converged
WARN  [health_and_arming_checks] Preflight Fail: Yaw estimate error
WARN  [health_and_arming_checks] Preflight Fail: High Accelerometer Bias
WARN  [timesync] time jump detected. Resetting time synchroniser.
WARN  [uxrce_dds_client] time sync no longer converged
WARN  [health_and_arming_checks] Preflight Fail: High Accelerometer Bias
INFO  [uxrce_dds_client] time sync converged
WARN  [health_and_arming_checks] Preflight Fail: Yaw estimate error
WARN  [health_and_arming_checks] Preflight Fail: High Accelerometer Bias
WARN  [health_and_arming_checks] Preflight Fail: High Accelerometer Bias
WARN  [health_and_arming_checks] Preflight Fail: Yaw estimate error
WARN  [health_and_arming_checks] Preflight Fail: High Accelerometer Bias
WARN  [health_and_arming_checks] Preflight Fail: High Accelerometer Bias
WARN  [timesync] time jump detected. Resetting time synchroniser.
WARN  [uxrce_dds_client] time sync no longer converged
INFO  [uxrce_dds_client] time sync converged
WARN  [health_and_arming_checks] Preflight Fail: Yaw estimate error
WARN  [health_and_arming_checks] Preflight Fail: High Accelerometer Bias
WARN  [health_and_arming_checks] Preflight Fail: High Accelerometer Bias
WARN  [timesync] time jump detected. Resetting time synchroniser.
WARN  [uxrce_dds_client] time sync no longer converged
INFO  [uxrce_dds_client] time sync converged
WARN  [timesync] time jump detected. Resetting time synchroniser.
WARN  [uxrce_dds_client] time sync no longer converged
INFO  [uxrce_dds_client] time sync converged
WARN  [health_and_arming_checks] Preflight Fail: Yaw estimate error
WARN  [health_and_arming_checks] Preflight Fail: High Accelerometer Bias
WARN  [health_and_arming_checks] Preflight Fail: High Accelerometer Bias
WARN  [health_and_arming_checks] Preflight Fail: High Accelerometer Bias
WARN  [timesync] time jump detected. Resetting time synchroniser.
WARN  [uxrce_dds_client] time sync no longer converged
INFO  [uxrce_dds_client] time sync converged
WARN  [timesync] time jump detected. Resetting time synchroniser.
WARN  [uxrce_dds_client] time sync no longer converged
WARN  [health_and_arming_checks] Preflight Fail: Yaw estimate error
WARN  [health_and_arming_checks] Preflight Fail: High Accelerometer Bias
INFO  [uxrce_dds_client] time sync converged
WARN  [health_and_arming_checks] Preflight Fail: High Accelerometer Bias
WARN  [health_and_arming_checks] Preflight Fail: Yaw estimate error
WARN  [health_and_arming_checks] Preflight Fail: High Accelerometer Bias
WARN  [health_and_arming_checks] Preflight Fail: High Accelerometer Bias
WARN  [timesync] time jump detected. Resetting time synchroniser.
WARN  [uxrce_dds_client] time sync no longer converged
INFO  [uxrce_dds_client] time sync converged
WARN  [timesync] time jump detected. Resetting time synchroniser.
WARN  [uxrce_dds_client] time sync no longer converged
INFO  [uxrce_dds_client] time sync converged
WARN  [timesync] time jump detected. Resetting time synchroniser.
WARN  [uxrce_dds_client] time sync no longer converged
INFO  [uxrce_dds_client] time sync converged
WARN  [timesync] time jump detected. Resetting time synchroniser.
WARN  [uxrce_dds_client] time sync no longer converged
INFO  [uxrce_dds_client] time sync converged
WARN  [timesync] time jump detected. Resetting time synchroniser.
WARN  [uxrce_dds_client] time sync no longer converged
INFO  [uxrce_dds_client] time sync converged
WARN  [timesync] time jump detected. Resetting time synchroniser.
WARN  [uxrce_dds_client] time sync no longer converged
INFO  [uxrce_dds_client] time sync converged
WARN  [timesync] time jump detected. Resetting time synchroniser.
WARN  [uxrce_dds_client] time sync no longer converged
INFO  [uxrce_dds_client] time sync converged
WARN  [health_and_arming_checks] Preflight Fail: Yaw estimate error
WARN  [health_and_arming_checks] Preflight Fail: High Accelerometer Bias
WARN  [health_and_arming_checks] Preflight Fail: High Accelerometer Bias
WARN  [health_and_arming_checks] Preflight Fail: High Accelerometer Bias
WARN  [timesync] time jump detected. Resetting time synchroniser.
WARN  [uxrce_dds_client] time sync no longer converged
INFO  [uxrce_dds_client] time sync converged
WARN  [health_and_arming_checks] Preflight Fail: Yaw estimate error
WARN  [health_and_arming_checks] Preflight Fail: High Accelerometer Bias
WARN  [health_and_arming_checks] Preflight Fail: High Accelerometer Bias
WARN  [timesync] time jump detected. Resetting time synchroniser.
WARN  [uxrce_dds_client] time sync no longer converged
INFO  [uxrce_dds_client] time sync converged
WARN  [timesync] time jump detected. Resetting time synchroniser.
WARN  [uxrce_dds_client] time sync no longer converged
INFO  [uxrce_dds_client] time sync converged
WARN  [health_and_arming_checks] Preflight Fail: Yaw estimate error
WARN  [health_and_arming_checks] Preflight Fail: High Accelerometer Bias
WARN  [health_and_arming_checks] Preflight Fail: High Accelerometer Bias
WARN  [timesync] time jump detected. Resetting time synchroniser.
WARN  [uxrce_dds_client] time sync no longer converged
INFO  [uxrce_dds_client] time sync converged
WARN  [timesync] time jump detected. Resetting time synchroniser.
WARN  [uxrce_dds_client] time sync no longer converged
INFO  [uxrce_dds_client] time sync converged
WARN  [timesync] time jump detected. Resetting time synchroniser.
WARN  [uxrce_dds_client] time sync no longer converged
INFO  [uxrce_dds_client] time sync converged
WARN  [health_and_arming_checks] Preflight Fail: Yaw estimate error
WARN  [health_and_arming_checks] Preflight Fail: High Accelerometer Bias
WARN  [health_and_arming_checks] Preflight Fail: High Accelerometer Bias
WARN  [timesync] time jump detected. Resetting time synchroniser.
WARN  [uxrce_dds_client] time sync no longer converged
INFO  [uxrce_dds_client] time sync converged
WARN  [timesync] time jump detected. Resetting time synchroniser.
WARN  [uxrce_dds_client] time sync no longer converged
INFO  [uxrce_dds_client] time sync converged
WARN  [health_and_arming_checks] Preflight Fail: Yaw estimate error
WARN  [health_and_arming_checks] Preflight Fail: High Accelerometer Bias
WARN  [health_and_arming_checks] Preflight Fail: High Accelerometer Bias
WARN  [health_and_arming_checks] Preflight Fail: High Accelerometer Bias
WARN  [timesync] time jump detected. Resetting time synchroniser.
WARN  [uxrce_dds_client] time sync no longer converged
INFO  [uxrce_dds_client] time sync converged
WARN  [timesync] time jump detected. Resetting time synchroniser.
WARN  [uxrce_dds_client] time sync no longer converged
INFO  [uxrce_dds_client] time sync converged
WARN  [timesync] time jump detected. Resetting time synchroniser.
WARN  [uxrce_dds_client] time sync no longer converged
INFO  [uxrce_dds_client] time sync converged
WARN  [timesync] time jump detected. Resetting time synchroniser.
WARN  [uxrce_dds_client] time sync no longer converged
INFO  [uxrce_dds_client] time sync converged
WARN  [health_and_arming_checks] Preflight Fail: Yaw estimate error
WARN  [health_and_arming_checks] Preflight Fail: High Accelerometer Bias
WARN  [health_and_arming_checks] Preflight Fail: High Accelerometer Bias
WARN  [timesync] time jump detected. Resetting time synchroniser.
WARN  [uxrce_dds_client] time sync no longer converged
INFO  [uxrce_dds_client] time sync converged
WARN  [timesync] time jump detected. Resetting time synchroniser.
WARN  [uxrce_dds_client] time sync no longer converged
INFO  [uxrce_dds_client] time sync converged
WARN  [timesync] time jump detected. Resetting time synchroniser.
WARN  [uxrce_dds_client] time sync no longer converged
INFO  [uxrce_dds_client] time sync converged
WARN  [timesync] time jump detected. Resetting time synchroniser.
WARN  [uxrce_dds_client] time sync no longer converged
INFO  [uxrce_dds_client] time sync converged
WARN  [health_and_arming_checks] Preflight Fail: Yaw estimate error
WARN  [health_and_arming_checks] Preflight Fail: High Accelerometer Bias
WARN  [health_and_arming_checks] Preflight Fail: High Accelerometer Bias
WARN  [timesync] time jump detected. Resetting time synchroniser.
WARN  [uxrce_dds_client] time sync no longer converged
INFO  [uxrce_dds_client] time sync converged
WARN  [health_and_arming_checks] Preflight Fail: Yaw estimate error
WARN  [health_and_arming_checks] Preflight Fail: High Accelerometer Bias
WARN  [health_and_arming_checks] Preflight Fail: High Accelerometer Bias
WARN  [timesync] time jump detected. Resetting time synchroniser.
WARN  [uxrce_dds_client] time sync no longer converged
INFO  [uxrce_dds_client] time sync converged
WARN  [timesync] time jump detected. Resetting time synchroniser.
WARN  [uxrce_dds_client] time sync no longer converged
INFO  [uxrce_dds_client] time sync converged
WARN  [timesync] time jump detected. Resetting time synchroniser.
WARN  [uxrce_dds_client] time sync no longer converged
INFO  [uxrce_dds_client] time sync converged
WARN  [timesync] time jump detected. Resetting time synchroniser.
WARN  [uxrce_dds_client] time sync no longer converged
INFO  [uxrce_dds_client] time sync converged
WARN  [timesync] time jump detected. Resetting time synchroniser.
WARN  [uxrce_dds_client] time sync no longer converged
INFO  [uxrce_dds_client] time sync converged
WARN  [timesync] time jump detected. Resetting time synchroniser.
WARN  [uxrce_dds_client] time sync no longer converged
INFO  [uxrce_dds_client] time sync converged
WARN  [timesync] time jump detected. Resetting time synchroniser.
WARN  [uxrce_dds_client] time sync no longer converged
INFO  [uxrce_dds_client] time sync converged
WARN  [timesync] time jump detected. Resetting time synchroniser.
WARN  [uxrce_dds_client] time sync no longer converged
INFO  [uxrce_dds_client] time sync converged
WARN  [timesync] time jump detected. Resetting time synchroniser.
WARN  [uxrce_dds_client] time sync no longer converged
INFO  [uxrce_dds_client] time sync converged
WARN  [health_and_arming_checks] Preflight Fail: Yaw estimate error
WARN  [health_and_arming_checks] Preflight Fail: High Accelerometer Bias
WARN  [health_and_arming_checks] Preflight Fail: High Accelerometer Bias
WARN  [timesync] time jump detected. Resetting time synchroniser.
WARN  [uxrce_dds_client] time sync no longer converged
INFO  [uxrce_dds_client] time sync converged
WARN  [timesync] time jump detected. Resetting time synchroniser.
WARN  [uxrce_dds_client] time sync no longer converged
INFO  [uxrce_dds_client] time sync converged
WARN  [timesync] time jump detected. Resetting time synchroniser.
WARN  [uxrce_dds_client] time sync no longer converged
INFO  [uxrce_dds_client] time sync converged
WARN  [timesync] time jump detected. Resetting time synchroniser.
WARN  [uxrce_dds_client] time sync no longer converged
INFO  [uxrce_dds_client] time sync converged
WARN  [health_and_arming_checks] Preflight Fail: Yaw estimate error
WARN  [health_and_arming_checks] Preflight Fail: High Accelerometer Bias
WARN  [health_and_arming_checks] Preflight Fail: High Accelerometer Bias
WARN  [health_and_arming_checks] Preflight Fail: Yaw estimate error
WARN  [health_and_arming_checks] Preflight Fail: High Accelerometer Bias
WARN  [health_and_arming_checks] Preflight Fail: High Accelerometer Bias
WARN  [timesync] time jump detected. Resetting time synchroniser.
WARN  [uxrce_dds_client] time sync no longer converged
INFO  [uxrce_dds_client] time sync converged
WARN  [timesync] time jump detected. Resetting time synchroniser.
WARN  [uxrce_dds_client] time sync no longer converged
INFO  [uxrce_dds_client] time sync converged
WARN  [timesync] time jump detected. Resetting time synchroniser.
WARN  [uxrce_dds_client] time sync no longer converged
INFO  [uxrce_dds_client] time sync converged
WARN  [timesync] time jump detected. Resetting time synchroniser.
WARN  [uxrce_dds_client] time sync no longer converged
INFO  [uxrce_dds_client] time sync converged
WARN  [timesync] time jump detected. Resetting time synchroniser.
WARN  [uxrce_dds_client] time sync no longer converged
WARN  [health_and_arming_checks] Preflight Fail: Yaw estimate error
WARN  [health_and_arming_checks] Preflight Fail: High Accelerometer Bias
INFO  [uxrce_dds_client] time sync converged
WARN  [health_and_arming_checks] Preflight Fail: High Accelerometer Bias
WARN  [health_and_arming_checks] Preflight Fail: Yaw estimate error
WARN  [health_and_arming_checks] Preflight Fail: High Accelerometer Bias
WARN  [health_and_arming_checks] Preflight Fail: High Accelerometer Bias
WARN  [timesync] time jump detected. Resetting time synchroniser.
WARN  [uxrce_dds_client] time sync no longer converged
INFO  [uxrce_dds_client] time sync converged
WARN  [health_and_arming_checks] Preflight Fail: Yaw estimate error
WARN  [health_and_arming_checks] Preflight Fail: High Accelerometer Bias
WARN  [health_and_arming_checks] Preflight Fail: High Accelerometer Bias
WARN  [health_and_arming_checks] Preflight Fail: High Accelerometer Bias
WARN  [health_and_arming_checks] Preflight Fail: High Accelerometer Bias
WARN  [health_and_arming_checks] Preflight Fail: High Accelerometer Bias
WARN  [timesync] time jump detected. Resetting time synchroniser.
WARN  [uxrce_dds_client] time sync no longer converged
INFO  [uxrce_dds_client] time sync converged
WARN  [health_and_arming_checks] Preflight Fail: Yaw estimate error
WARN  [health_and_arming_checks] Preflight Fail: High Accelerometer Bias
WARN  [timesync] time jump detected. Resetting time synchroniser.
WARN  [uxrce_dds_client] time sync no longer converged
WARN  [health_and_arming_checks] Preflight Fail: High Accelerometer Bias
INFO  [uxrce_dds_client] time sync converged
WARN  [health_and_arming_checks] Preflight Fail: High Accelerometer Bias
WARN  [health_and_arming_checks] Preflight Fail: Yaw estimate error
WARN  [health_and_arming_checks] Preflight Fail: High Accelerometer Bias
WARN  [health_and_arming_checks] Preflight Fail: High Accelerometer Bias
WARN  [timesync] time jump detected. Resetting time synchroniser.
WARN  [uxrce_dds_client] time sync no longer converged
INFO  [uxrce_dds_client] time sync converged
WARN  [timesync] time jump detected. Resetting time synchroniser.
WARN  [uxrce_dds_client] time sync no longer converged
INFO  [uxrce_dds_client] time sync converged
WARN  [health_and_arming_checks] Preflight Fail: Yaw estimate error
WARN  [health_and_arming_checks] Preflight Fail: High Accelerometer Bias
WARN  [health_and_arming_checks] Preflight Fail: High Accelerometer Bias
WARN  [timesync] time jump detected. Resetting time synchroniser.
WARN  [uxrce_dds_client] time sync no longer converged
INFO  [uxrce_dds_client] time sync converged
WARN  [timesync] time jump detected. Resetting time synchroniser.
WARN  [uxrce_dds_client] time sync no longer converged
INFO  [uxrce_dds_client] time sync converged
WARN  [timesync] time jump detected. Resetting time synchroniser.
WARN  [uxrce_dds_client] time sync no longer converged
INFO  [uxrce_dds_client] time sync converged
WARN  [timesync] time jump detected. Resetting time synchroniser.
WARN  [uxrce_dds_client] time sync no longer converged
INFO  [uxrce_dds_client] time sync converged
WARN  [health_and_arming_checks] Preflight Fail: Yaw estimate error
WARN  [health_and_arming_checks] Preflight Fail: High Accelerometer Bias
WARN  [health_and_arming_checks] Preflight Fail: High Accelerometer Bias
WARN  [timesync] time jump detected. Resetting time synchroniser.
WARN  [uxrce_dds_client] time sync no longer converged
INFO  [uxrce_dds_client] time sync converged
WARN  [timesync] time jump detected. Resetting time synchroniser.
WARN  [uxrce_dds_client] time sync no longer converged
INFO  [uxrce_dds_client] time sync converged
WARN  [timesync] time jump detected. Resetting time synchroniser.
WARN  [uxrce_dds_client] time sync no longer converged
INFO  [uxrce_dds_client] time sync converged
WARN  [timesync] time jump detected. Resetting time synchroniser.
WARN  [uxrce_dds_client] time sync no longer converged
INFO  [uxrce_dds_client] time sync converged
WARN  [timesync] time jump detected. Resetting time synchroniser.
WARN  [uxrce_dds_client] time sync no longer converged
INFO  [uxrce_dds_client] time sync converged
WARN  [timesync] time jump detected. Resetting time synchroniser.
WARN  [uxrce_dds_client] time sync no longer converged
INFO  [uxrce_dds_client] time sync converged
WARN  [timesync] time jump detected. Resetting time synchroniser.
WARN  [uxrce_dds_client] time sync no longer converged
INFO  [uxrce_dds_client] time sync converged
WARN  [timesync] time jump detected. Resetting time synchroniser.
WARN  [uxrce_dds_client] time sync no longer converged
INFO  [uxrce_dds_client] time sync converged
WARN  [timesync] time jump detected. Resetting time synchroniser.
WARN  [uxrce_dds_client] time sync no longer converged
INFO  [uxrce_dds_client] time sync converged
WARN  [timesync] time jump detected. Resetting time synchroniser.
WARN  [uxrce_dds_client] time sync no longer converged
INFO  [uxrce_dds_client] time sync converged
WARN  [timesync] time jump detected. Resetting time synchroniser.
WARN  [uxrce_dds_client] time sync no longer converged
INFO  [uxrce_dds_client] time sync converged
WARN  [timesync] time jump detected. Resetting time synchroniser.
WARN  [uxrce_dds_client] time sync no longer converged
INFO  [uxrce_dds_client] time sync converged
WARN  [timesync] time jump detected. Resetting time synchroniser.
WARN  [uxrce_dds_client] time sync no longer converged
INFO  [uxrce_dds_client] time sync converged
WARN  [timesync] time jump detected. Resetting time synchroniser.
WARN  [uxrce_dds_client] time sync no longer converged
INFO  [uxrce_dds_client] time sync converged
WARN  [timesync] time jump detected. Resetting time synchroniser.
WARN  [uxrce_dds_client] time sync no longer converged
INFO  [uxrce_dds_client] time sync converged
WARN  [timesync] time jump detected. Resetting time synchroniser.
WARN  [uxrce_dds_client] time sync no longer converged
INFO  [uxrce_dds_client] time sync converged
WARN  [health_and_arming_checks] Preflight Fail: Yaw estimate error
WARN  [health_and_arming_checks] Preflight Fail: High Accelerometer Bias
WARN  [health_and_arming_checks] Preflight Fail: High Accelerometer Bias
WARN  [timesync] time jump detected. Resetting time synchroniser.
WARN  [uxrce_dds_client] time sync no longer converged
INFO  [uxrce_dds_client] time sync converged
WARN  [timesync] time jump detected. Resetting time synchroniser.
WARN  [uxrce_dds_client] time sync no longer converged
INFO  [uxrce_dds_client] time sync converged
WARN  [timesync] time jump detected. Resetting time synchroniser.
WARN  [uxrce_dds_client] time sync no longer converged
INFO  [uxrce_dds_client] time sync converged
WARN  [timesync] time jump detected. Resetting time synchroniser.
WARN  [uxrce_dds_client] time sync no longer converged
INFO  [uxrce_dds_client] time sync converged
WARN  [timesync] time jump detected. Resetting time synchroniser.
WARN  [uxrce_dds_client] time sync no longer converged
INFO  [uxrce_dds_client] time sync converged
WARN  [health_and_arming_checks] Preflight Fail: Yaw estimate error
WARN  [health_and_arming_checks] Preflight Fail: High Accelerometer Bias
WARN  [health_and_arming_checks] Preflight Fail: High Accelerometer Bias
WARN  [timesync] time jump detected. Resetting time synchroniser.
WARN  [uxrce_dds_client] time sync no longer converged
INFO  [uxrce_dds_client] time sync converged
WARN  [timesync] time jump detected. Resetting time synchroniser.
WARN  [uxrce_dds_client] time sync no longer converged
INFO  [uxrce_dds_client] time sync converged
WARN  [timesync] time jump detected. Resetting time synchroniser.
WARN  [uxrce_dds_client] time sync no longer converged
INFO  [uxrce_dds_client] time sync converged
WARN  [timesync] time jump detected. Resetting time synchroniser.
WARN  [uxrce_dds_client] time sync no longer converged
INFO  [uxrce_dds_client] time sync converged
WARN  [timesync] time jump detected. Resetting time synchroniser.
WARN  [uxrce_dds_client] time sync no longer converged
INFO  [uxrce_dds_client] time sync converged
WARN  [timesync] time jump detected. Resetting time synchroniser.
WARN  [uxrce_dds_client] time sync no longer converged
WARN  [health_and_arming_checks] Preflight Fail: Yaw estimate error
WARN  [health_and_arming_checks] Preflight Fail: High Accelerometer Bias
INFO  [uxrce_dds_client] time sync converged
WARN  [health_and_arming_checks] Preflight Fail: High Accelerometer Bias
WARN  [timesync] time jump detected. Resetting time synchroniser.
WARN  [uxrce_dds_client] time sync no longer converged
INFO  [uxrce_dds_client] time sync converged
WARN  [timesync] time jump detected. Resetting time synchroniser.
WARN  [uxrce_dds_client] time sync no longer converged
INFO  [uxrce_dds_client] time sync converged
WARN  [timesync] time jump detected. Resetting time synchroniser.
WARN  [uxrce_dds_client] time sync no longer converged
INFO  [uxrce_dds_client] time sync converged
WARN  [health_and_arming_checks] Preflight Fail: Yaw estimate error
WARN  [health_and_arming_checks] Preflight Fail: High Accelerometer Bias
WARN  [health_and_arming_checks] Preflight Fail: High Accelerometer Bias
WARN  [health_and_arming_checks] Preflight Fail: High Accelerometer Bias
WARN  [timesync] time jump detected. Resetting time synchroniser.
WARN  [uxrce_dds_client] time sync no longer converged
INFO  [uxrce_dds_client] time sync converged
WARN  [timesync] time jump detected. Resetting time synchroniser.
WARN  [uxrce_dds_client] time sync no longer converged
INFO  [uxrce_dds_client] time sync converged
WARN  [timesync] time jump detected. Resetting time synchroniser.
WARN  [uxrce_dds_client] time sync no longer converged
INFO  [uxrce_dds_client] time sync converged
WARN  [timesync] time jump detected. Resetting time synchroniser.
WARN  [uxrce_dds_client] time sync no longer converged
INFO  [uxrce_dds_client] time sync converged
WARN  [health_and_arming_checks] Preflight Fail: Yaw estimate error
WARN  [health_and_arming_checks] Preflight Fail: High Accelerometer Bias
WARN  [health_and_arming_checks] Preflight Fail: High Accelerometer Bias
WARN  [timesync] time jump detected. Resetting time synchroniser.
WARN  [uxrce_dds_client] time sync no longer converged
INFO  [uxrce_dds_client] time sync converged
WARN  [timesync] time jump detected. Resetting time synchroniser.
WARN  [uxrce_dds_client] time sync no longer converged
INFO  [uxrce_dds_client] time sync converged
WARN  [timesync] time jump detected. Resetting time synchroniser.
WARN  [uxrce_dds_client] time sync no longer converged
INFO  [uxrce_dds_client] time sync converged
WARN  [timesync] time jump detected. Resetting time synchroniser.
WARN  [uxrce_dds_client] time sync no longer converged
INFO  [uxrce_dds_client] time sync converged
WARN  [timesync] time jump detected. Resetting time synchroniser.
WARN  [uxrce_dds_client] time sync no longer converged
INFO  [uxrce_dds_client] time sync converged
WARN  [timesync] time jump detected. Resetting time synchroniser.
WARN  [uxrce_dds_client] time sync no longer converged
INFO  [uxrce_dds_client] time sync converged
WARN  [timesync] time jump detected. Resetting time synchroniser.
WARN  [uxrce_dds_client] time sync no longer converged
INFO  [uxrce_dds_client] time sync converged
WARN  [timesync] time jump detected. Resetting time synchroniser.
WARN  [uxrce_dds_client] time sync no longer converged
INFO  [uxrce_dds_client] time sync converged
WARN  [timesync] time jump detected. Resetting time synchroniser.
WARN  [uxrce_dds_client] time sync no longer converged
INFO  [uxrce_dds_client] time sync converged
WARN  [health_and_arming_checks] Preflight Fail: Yaw estimate error
WARN  [health_and_arming_checks] Preflight Fail: High Accelerometer Bias
WARN  [health_and_arming_checks] Preflight Fail: High Accelerometer Bias
WARN  [timesync] time jump detected. Resetting time synchroniser.
WARN  [uxrce_dds_client] time sync no longer converged
INFO  [uxrce_dds_client] time sync converged
WARN  [timesync] time jump detected. Resetting time synchroniser.
WARN  [uxrce_dds_client] time sync no longer converged
INFO  [uxrce_dds_client] time sync converged
WARN  [timesync] time jump detected. Resetting time synchroniser.
WARN  [uxrce_dds_client] time sync no longer converged
INFO  [uxrce_dds_client] time sync converged
WARN  [timesync] time jump detected. Resetting time synchroniser.
WARN  [uxrce_dds_client] time sync no longer converged
INFO  [uxrce_dds_client] time sync converged
WARN  [timesync] time jump detected. Resetting time synchroniser.
WARN  [uxrce_dds_client] time sync no longer converged
INFO  [uxrce_dds_client] time sync converged
WARN  [health_and_arming_checks] Preflight Fail: Yaw estimate error
WARN  [health_and_arming_checks] Preflight Fail: High Accelerometer Bias
WARN  [health_and_arming_checks] Preflight Fail: High Accelerometer Bias
WARN  [timesync] time jump detected. Resetting time synchroniser.
WARN  [uxrce_dds_client] time sync no longer converged
INFO  [uxrce_dds_client] time sync converged
WARN  [health_and_arming_checks] Preflight Fail: Yaw estimate error
WARN  [health_and_arming_checks] Preflight Fail: High Accelerometer Bias
WARN  [health_and_arming_checks] Preflight Fail: High Accelerometer Bias
WARN  [health_and_arming_checks] Preflight Fail: Yaw estimate error
WARN  [health_and_arming_checks] Preflight Fail: High Accelerometer Bias
WARN  [health_and_arming_checks] Preflight Fail: High Accelerometer Bias
WARN  [timesync] time jump detected. Resetting time synchroniser.
WARN  [uxrce_dds_client] time sync no longer converged
INFO  [uxrce_dds_client] time sync converged
WARN  [timesync] time jump detected. Resetting time synchroniser.
WARN  [uxrce_dds_client] time sync no longer converged
INFO  [uxrce_dds_client] time sync converged
WARN  [health_and_arming_checks] Preflight Fail: Yaw estimate error
WARN  [health_and_arming_checks] Preflight Fail: High Accelerometer Bias
WARN  [health_and_arming_checks] Preflight Fail: High Accelerometer Bias
WARN  [timesync] time jump detected. Resetting time synchroniser.
WARN  [uxrce_dds_client] time sync no longer converged
INFO  [uxrce_dds_client] time sync converged
WARN  [health_and_arming_checks] Preflight Fail: Yaw estimate error
WARN  [health_and_arming_checks] Preflight Fail: High Accelerometer Bias
WARN  [health_and_arming_checks] Preflight Fail: High Accelerometer Bias
WARN  [timesync] time jump detected. Resetting time synchroniser.
WARN  [uxrce_dds_client] time sync no longer converged
INFO  [uxrce_dds_client] time sync converged
WARN  [timesync] time jump detected. Resetting time synchroniser.
WARN  [uxrce_dds_client] time sync no longer converged
INFO  [uxrce_dds_client] time sync converged
WARN  [timesync] time jump detected. Resetting time synchroniser.
WARN  [uxrce_dds_client] time sync no longer converged
INFO  [uxrce_dds_client] time sync converged
WARN  [timesync] time jump detected. Resetting time synchroniser.
WARN  [uxrce_dds_client] time sync no longer converged
INFO  [uxrce_dds_client] time sync converged
WARN  [health_and_arming_checks] Preflight Fail: Yaw estimate error
WARN  [health_and_arming_checks] Preflight Fail: High Accelerometer Bias
WARN  [health_and_arming_checks] Preflight Fail: High Accelerometer Bias
WARN  [health_and_arming_checks] Preflight Fail: Yaw estimate error
WARN  [health_and_arming_checks] Preflight Fail: High Accelerometer Bias
WARN  [health_and_arming_checks] Preflight Fail: High Accelerometer Bias
WARN  [timesync] time jump detected. Resetting time synchroniser.
WARN  [uxrce_dds_client] time sync no longer converged
INFO  [uxrce_dds_client] time sync converged
WARN  [timesync] time jump detected. Resetting time synchroniser.
WARN  [uxrce_dds_client] time sync no longer converged
INFO  [uxrce_dds_client] time sync converged
WARN  [timesync] time jump detected. Resetting time synchroniser.
WARN  [uxrce_dds_client] time sync no longer converged
INFO  [uxrce_dds_client] time sync converged
WARN  [timesync] time jump detected. Resetting time synchroniser.
WARN  [uxrce_dds_client] time sync no longer converged
INFO  [uxrce_dds_client] time sync converged
WARN  [timesync] time jump detected. Resetting time synchroniser.
WARN  [uxrce_dds_client] time sync no longer converged
INFO  [uxrce_dds_client] time sync converged
WARN  [timesync] time jump detected. Resetting time synchroniser.
WARN  [uxrce_dds_client] time sync no longer converged
INFO  [uxrce_dds_client] time sync converged
WARN  [timesync] time jump detected. Resetting time synchroniser.
WARN  [uxrce_dds_client] time sync no longer converged
INFO  [uxrce_dds_client] time sync converged
WARN  [timesync] time jump detected. Resetting time synchroniser.
WARN  [uxrce_dds_client] time sync no longer converged
INFO  [uxrce_dds_client] time sync converged
WARN  [timesync] time jump detected. Resetting time synchroniser.
WARN  [uxrce_dds_client] time sync no longer converged
INFO  [uxrce_dds_client] time sync converged
WARN  [health_and_arming_checks] Preflight Fail: Yaw estimate error
WARN  [health_and_arming_checks] Preflight Fail: High Accelerometer Bias
WARN  [health_and_arming_checks] Preflight Fail: High Accelerometer Bias
WARN  [health_and_arming_checks] Preflight Fail: Yaw estimate error
WARN  [health_and_arming_checks] Preflight Fail: High Accelerometer Bias
WARN  [health_and_arming_checks] Preflight Fail: High Accelerometer Bias
WARN  [timesync] time jump detected. Resetting time synchroniser.
WARN  [uxrce_dds_client] time sync no longer converged
INFO  [uxrce_dds_client] time sync converged
WARN  [health_and_arming_checks] Preflight Fail: Yaw estimate error
WARN  [health_and_arming_checks] Preflight Fail: High Accelerometer Bias
WARN  [health_and_arming_checks] Preflight Fail: High Accelerometer Bias
WARN  [timesync] time jump detected. Resetting time synchroniser.
WARN  [uxrce_dds_client] time sync no longer converged
INFO  [uxrce_dds_client] time sync converged
WARN  [timesync] time jump detected. Resetting time synchroniser.
WARN  [uxrce_dds_client] time sync no longer converged
INFO  [uxrce_dds_client] time sync converged
WARN  [timesync] time jump detected. Resetting time synchroniser.
WARN  [uxrce_dds_client] time sync no longer converged
INFO  [uxrce_dds_client] time sync converged
WARN  [health_and_arming_checks] Preflight Fail: Yaw estimate error
WARN  [health_and_arming_checks] Preflight Fail: High Accelerometer Bias
WARN  [health_and_arming_checks] Preflight Fail: High Accelerometer Bias
WARN  [timesync] time jump detected. Resetting time synchroniser.
WARN  [uxrce_dds_client] time sync no longer converged
INFO  [uxrce_dds_client] time sync converged
WARN  [timesync] time jump detected. Resetting time synchroniser.
WARN  [uxrce_dds_client] time sync no longer converged
INFO  [uxrce_dds_client] time sync converged
WARN  [timesync] time jump detected. Resetting time synchroniser.
WARN  [uxrce_dds_client] time sync no longer converged
INFO  [uxrce_dds_client] time sync converged
WARN  [timesync] time jump detected. Resetting time synchroniser.
WARN  [uxrce_dds_client] time sync no longer converged
INFO  [uxrce_dds_client] time sync converged
WARN  [timesync] time jump detected. Resetting time synchroniser.
WARN  [uxrce_dds_client] time sync no longer converged
INFO  [uxrce_dds_client] time sync converged
WARN  [timesync] time jump detected. Resetting time synchroniser.
WARN  [uxrce_dds_client] time sync no longer converged
WARN  [health_and_arming_checks] Preflight Fail: Yaw estimate error
WARN  [health_and_arming_checks] Preflight Fail: High Accelerometer Bias
INFO  [uxrce_dds_client] time sync converged
WARN  [health_and_arming_checks] Preflight Fail: High Accelerometer Bias
WARN  [timesync] time jump detected. Resetting time synchroniser.
WARN  [uxrce_dds_client] time sync no longer converged
INFO  [uxrce_dds_client] time sync converged
WARN  [timesync] time jump detected. Resetting time synchroniser.
WARN  [uxrce_dds_client] time sync no longer converged
INFO  [uxrce_dds_client] time sync converged
WARN  [health_and_arming_checks] Preflight Fail: Yaw estimate error
WARN  [health_and_arming_checks] Preflight Fail: High Accelerometer Bias
WARN  [health_and_arming_checks] Preflight Fail: High Accelerometer Bias
WARN  [timesync] time jump detected. Resetting time synchroniser.
WARN  [uxrce_dds_client] time sync no longer converged
INFO  [uxrce_dds_client] time sync converged
WARN  [timesync] time jump detected. Resetting time synchroniser.
WARN  [uxrce_dds_client] time sync no longer converged
INFO  [uxrce_dds_client] time sync converged
WARN  [timesync] time jump detected. Resetting time synchroniser.
WARN  [uxrce_dds_client] time sync no longer converged
INFO  [uxrce_dds_client] time sync converged
WARN  [timesync] time jump detected. Resetting time synchroniser.
WARN  [uxrce_dds_client] time sync no longer converged
INFO  [uxrce_dds_client] time sync converged
WARN  [health_and_arming_checks] Preflight Fail: Yaw estimate error
WARN  [health_and_arming_checks] Preflight Fail: High Accelerometer Bias
WARN  [health_and_arming_checks] Preflight Fail: High Accelerometer Bias
WARN  [timesync] time jump detected. Resetting time synchroniser.
WARN  [uxrce_dds_client] time sync no longer converged
INFO  [uxrce_dds_client] time sync converged
WARN  [health_and_arming_checks] Preflight Fail: Yaw estimate error
WARN  [health_and_arming_checks] Preflight Fail: High Accelerometer Bias
WARN  [health_and_arming_checks] Preflight Fail: High Accelerometer Bias
WARN  [timesync] time jump detected. Resetting time synchroniser.
WARN  [uxrce_dds_client] time sync no longer converged
INFO  [uxrce_dds_client] time sync converged
WARN  [health_and_arming_checks] Preflight Fail: Yaw estimate error
WARN  [health_and_arming_checks] Preflight Fail: High Accelerometer Bias
WARN  [health_and_arming_checks] Preflight Fail: High Accelerometer Bias
WARN  [timesync] time jump detected. Resetting time synchroniser.
WARN  [uxrce_dds_client] time sync no longer converged
INFO  [uxrce_dds_client] time sync converged
WARN  [timesync] time jump detected. Resetting time synchroniser.
WARN  [uxrce_dds_client] time sync no longer converged
INFO  [uxrce_dds_client] time sync converged
WARN  [timesync] time jump detected. Resetting time synchroniser.
WARN  [uxrce_dds_client] time sync no longer converged
INFO  [uxrce_dds_client] time sync converged
WARN  [timesync] time jump detected. Resetting time synchroniser.
WARN  [uxrce_dds_client] time sync no longer converged
INFO  [uxrce_dds_client] time sync converged
WARN  [timesync] time jump detected. Resetting time synchroniser.
WARN  [uxrce_dds_client] time sync no longer converged
INFO  [uxrce_dds_client] time sync converged
WARN  [health_and_arming_checks] Preflight Fail: Yaw estimate error
WARN  [health_and_arming_checks] Preflight Fail: High Accelerometer Bias
WARN  [health_and_arming_checks] Preflight Fail: High Accelerometer Bias
WARN  [timesync] time jump detected. Resetting time synchroniser.
WARN  [uxrce_dds_client] time sync no longer converged
INFO  [uxrce_dds_client] time sync converged
WARN  [health_and_arming_checks] Preflight Fail: Yaw estimate error
WARN  [health_and_arming_checks] Preflight Fail: High Accelerometer Bias
WARN  [timesync] time jump detected. Resetting time synchroniser.
WARN  [uxrce_dds_client] time sync no longer converged
INFO  [uxrce_dds_client] time sync converged
WARN  [health_and_arming_checks] Preflight Fail: High Accelerometer Bias
WARN  [health_and_arming_checks] Preflight Fail: Yaw estimate error
WARN  [health_and_arming_checks] Preflight Fail: High Accelerometer Bias
WARN  [health_and_arming_checks] Preflight Fail: High Accelerometer Bias
WARN  [timesync] time jump detected. Resetting time synchroniser.
WARN  [uxrce_dds_client] time sync no longer converged
INFO  [uxrce_dds_client] time sync converged
WARN  [timesync] time jump detected. Resetting time synchroniser.
WARN  [uxrce_dds_client] time sync no longer converged
WARN  [health_and_arming_checks] Preflight Fail: Yaw estimate error
WARN  [health_and_arming_checks] Preflight Fail: High Accelerometer Bias
INFO  [uxrce_dds_client] time sync converged
WARN  [health_and_arming_checks] Preflight Fail: High Accelerometer Bias
WARN  [health_and_arming_checks] Preflight Fail: Yaw estimate error
WARN  [health_and_arming_checks] Preflight Fail: High Accelerometer Bias
WARN  [health_and_arming_checks] Preflight Fail: High Accelerometer Bias
WARN  [timesync] time jump detected. Resetting time synchroniser.
WARN  [uxrce_dds_client] time sync no longer converged
INFO  [uxrce_dds_client] time sync converged
WARN  [timesync] time jump detected. Resetting time synchroniser.
WARN  [uxrce_dds_client] time sync no longer converged
INFO  [uxrce_dds_client] time sync converged
WARN  [health_and_arming_checks] Preflight Fail: Yaw estimate error
WARN  [health_and_arming_checks] Preflight Fail: High Accelerometer Bias
WARN  [health_and_arming_checks] Preflight Fail: High Accelerometer Bias
WARN  [timesync] time jump detected. Resetting time synchroniser.
WARN  [uxrce_dds_client] time sync no longer converged
INFO  [uxrce_dds_client] time sync converged
WARN  [health_and_arming_checks] Preflight Fail: Yaw estimate error
WARN  [health_and_arming_checks] Preflight Fail: High Accelerometer Bias
WARN  [health_and_arming_checks] Preflight Fail: High Accelerometer Bias
WARN  [timesync] time jump detected. Resetting time synchroniser.
WARN  [uxrce_dds_client] time sync no longer converged
INFO  [uxrce_dds_client] time sync converged
WARN  [timesync] time jump detected. Resetting time synchroniser.
WARN  [uxrce_dds_client] time sync no longer converged
INFO  [uxrce_dds_client] time sync converged
WARN  [health_and_arming_checks] Preflight Fail: Yaw estimate error
WARN  [health_and_arming_checks] Preflight Fail: High Accelerometer Bias
WARN  [health_and_arming_checks] Preflight Fail: High Accelerometer Bias
WARN  [health_and_arming_checks] Preflight Fail: Yaw estimate error
WARN  [health_and_arming_checks] Preflight Fail: High Accelerometer Bias
WARN  [health_and_arming_checks] Preflight Fail: High Accelerometer Bias
WARN  [timesync] time jump detected. Resetting time synchroniser.
WARN  [uxrce_dds_client] time sync no longer converged
INFO  [uxrce_dds_client] time sync converged
WARN  [timesync] time jump detected. Resetting time synchroniser.
WARN  [uxrce_dds_client] time sync no longer converged
INFO  [uxrce_dds_client] time sync converged
WARN  [timesync] time jump detected. Resetting time synchroniser.
WARN  [uxrce_dds_client] time sync no longer converged
INFO  [uxrce_dds_client] time sync converged
WARN  [timesync] time jump detected. Resetting time synchroniser.
WARN  [uxrce_dds_client] time sync no longer converged
INFO  [uxrce_dds_client] time sync converged
WARN  [timesync] time jump detected. Resetting time synchroniser.
WARN  [uxrce_dds_client] time sync no longer converged
INFO  [uxrce_dds_client] time sync converged
WARN  [timesync] time jump detected. Resetting time synchroniser.
WARN  [uxrce_dds_client] time sync no longer converged
INFO  [uxrce_dds_client] time sync converged
WARN  [health_and_arming_checks] Preflight Fail: Yaw estimate error
WARN  [health_and_arming_checks] Preflight Fail: High Accelerometer Bias
WARN  [timesync] time jump detected. Resetting time synchroniser.
WARN  [uxrce_dds_client] time sync no longer converged
WARN  [health_and_arming_checks] Preflight Fail: High Accelerometer Bias
INFO  [uxrce_dds_client] time sync converged
WARN  [timesync] time jump detected. Resetting time synchroniser.
WARN  [uxrce_dds_client] time sync no longer converged
INFO  [uxrce_dds_client] time sync converged
WARN  [timesync] time jump detected. Resetting time synchroniser.
WARN  [uxrce_dds_client] time sync no longer converged
INFO  [uxrce_dds_client] time sync converged
WARN  [timesync] time jump detected. Resetting time synchroniser.
WARN  [uxrce_dds_client] time sync no longer converged
INFO  [uxrce_dds_client] time sync converged
WARN  [health_and_arming_checks] Preflight Fail: Yaw estimate error
WARN  [health_and_arming_checks] Preflight Fail: High Accelerometer Bias
WARN  [health_and_arming_checks] Preflight Fail: High Accelerometer Bias
WARN  [timesync] time jump detected. Resetting time synchroniser.
WARN  [uxrce_dds_client] time sync no longer converged
INFO  [uxrce_dds_client] time sync converged
WARN  [timesync] time jump detected. Resetting time synchroniser.
WARN  [uxrce_dds_client] time sync no longer converged
WARN  [health_and_arming_checks] Preflight Fail: Yaw estimate error
WARN  [health_and_arming_checks] Preflight Fail: High Accelerometer Bias
INFO  [uxrce_dds_client] time sync converged
WARN  [health_and_arming_checks] Preflight Fail: High Accelerometer Bias
WARN  [timesync] time jump detected. Resetting time synchroniser.
WARN  [uxrce_dds_client] time sync no longer converged
INFO  [uxrce_dds_client] time sync converged
WARN  [timesync] time jump detected. Resetting time synchroniser.
WARN  [uxrce_dds_client] time sync no longer converged
INFO  [uxrce_dds_client] time sync converged
WARN  [timesync] time jump detected. Resetting time synchroniser.
WARN  [uxrce_dds_client] time sync no longer converged
INFO  [uxrce_dds_client] time sync converged
WARN  [health_and_arming_checks] Preflight Fail: Yaw estimate error
WARN  [health_and_arming_checks] Preflight Fail: High Accelerometer Bias
WARN  [health_and_arming_checks] Preflight Fail: High Accelerometer Bias
WARN  [timesync] time jump detected. Resetting time synchroniser.
WARN  [uxrce_dds_client] time sync no longer converged
INFO  [uxrce_dds_client] time sync converged
WARN  [timesync] time jump detected. Resetting time synchroniser.
WARN  [uxrce_dds_client] time sync no longer converged
INFO  [uxrce_dds_client] time sync converged
WARN  [timesync] time jump detected. Resetting time synchroniser.
WARN  [uxrce_dds_client] time sync no longer converged
INFO  [uxrce_dds_client] time sync converged
WARN  [timesync] time jump detected. Resetting time synchroniser.
WARN  [uxrce_dds_client] time sync no longer converged
WARN  [health_and_arming_checks] Preflight Fail: Yaw estimate error
WARN  [health_and_arming_checks] Preflight Fail: High Accelerometer Bias
INFO  [uxrce_dds_client] time sync converged
WARN  [health_and_arming_checks] Preflight Fail: High Accelerometer Bias
WARN  [timesync] time jump detected. Resetting time synchroniser.
WARN  [uxrce_dds_client] time sync no longer converged
INFO  [uxrce_dds_client] time sync converged
WARN  [timesync] time jump detected. Resetting time synchroniser.
WARN  [uxrce_dds_client] time sync no longer converged
INFO  [uxrce_dds_client] time sync converged
WARN  [health_and_arming_checks] Preflight Fail: Yaw estimate error
WARN  [health_and_arming_checks] Preflight Fail: High Accelerometer Bias
WARN  [health_and_arming_checks] Preflight Fail: High Accelerometer Bias
WARN  [timesync] time jump detected. Resetting time synchroniser.
WARN  [uxrce_dds_client] time sync no longer converged
WARN  [health_and_arming_checks] Preflight Fail: High Accelerometer Bias
INFO  [uxrce_dds_client] time sync converged
WARN  [health_and_arming_checks] Preflight Fail: Yaw estimate error
WARN  [health_and_arming_checks] Preflight Fail: High Accelerometer Bias
WARN  [health_and_arming_checks] Preflight Fail: High Accelerometer Bias
WARN  [health_and_arming_checks] Preflight Fail: High Accelerometer Bias
WARN  [timesync] time jump detected. Resetting time synchroniser.
WARN  [uxrce_dds_client] time sync no longer converged
INFO  [uxrce_dds_client] time sync converged
WARN  [health_and_arming_checks] Preflight Fail: Yaw estimate error
WARN  [health_and_arming_checks] Preflight Fail: High Accelerometer Bias
WARN  [health_and_arming_checks] Preflight Fail: High Accelerometer Bias
WARN  [timesync] time jump detected. Resetting time synchroniser.
WARN  [uxrce_dds_client] time sync no longer converged
INFO  [uxrce_dds_client] time sync converged
WARN  [timesync] time jump detected. Resetting time synchroniser.
WARN  [uxrce_dds_client] time sync no longer converged
INFO  [uxrce_dds_client] time sync converged
WARN  [timesync] time jump detected. Resetting time synchroniser.
WARN  [uxrce_dds_client] time sync no longer converged
INFO  [uxrce_dds_client] time sync converged
WARN  [timesync] time jump detected. Resetting time synchroniser.
WARN  [uxrce_dds_client] time sync no longer converged
INFO  [uxrce_dds_client] time sync converged
WARN  [timesync] time jump detected. Resetting time synchroniser.
WARN  [uxrce_dds_client] time sync no longer converged
INFO  [uxrce_dds_client] time sync converged
WARN  [timesync] time jump detected. Resetting time synchroniser.
WARN  [uxrce_dds_client] time sync no longer converged
INFO  [uxrce_dds_client] time sync converged
WARN  [timesync] time jump detected. Resetting time synchroniser.
WARN  [uxrce_dds_client] time sync no longer converged
INFO  [uxrce_dds_client] time sync converged
WARN  [timesync] time jump detected. Resetting time synchroniser.
WARN  [uxrce_dds_client] time sync no longer converged
INFO  [uxrce_dds_client] time sync converged
WARN  [health_and_arming_checks] Preflight Fail: Yaw estimate error
WARN  [health_and_arming_checks] Preflight Fail: High Accelerometer Bias
WARN  [health_and_arming_checks] Preflight Fail: High Accelerometer Bias
WARN  [health_and_arming_checks] Preflight Fail: Yaw estimate error
WARN  [health_and_arming_checks] Preflight Fail: High Accelerometer Bias
WARN  [health_and_arming_checks] Preflight Fail: High Accelerometer Bias
WARN  [timesync] time jump detected. Resetting time synchroniser.
WARN  [uxrce_dds_client] time sync no longer converged
INFO  [uxrce_dds_client] time sync converged
WARN  [timesync] time jump detected. Resetting time synchroniser.
WARN  [uxrce_dds_client] time sync no longer converged
INFO  [uxrce_dds_client] time sync converged
WARN  [timesync] time jump detected. Resetting time synchroniser.
WARN  [uxrce_dds_client] time sync no longer converged
INFO  [uxrce_dds_client] time sync converged
WARN  [timesync] time jump detected. Resetting time synchroniser.
WARN  [uxrce_dds_client] time sync no longer converged
INFO  [uxrce_dds_client] time sync converged
WARN  [timesync] time jump detected. Resetting time synchroniser.
WARN  [uxrce_dds_client] time sync no longer converged
INFO  [uxrce_dds_client] time sync converged
WARN  [health_and_arming_checks] Preflight Fail: Yaw estimate error
WARN  [health_and_arming_checks] Preflight Fail: High Accelerometer Bias
WARN  [health_and_arming_checks] Preflight Fail: High Accelerometer Bias
WARN  [timesync] time jump detected. Resetting time synchroniser.
WARN  [uxrce_dds_client] time sync no longer converged
INFO  [uxrce_dds_client] time sync converged
WARN  [health_and_arming_checks] Preflight Fail: Yaw estimate error
WARN  [health_and_arming_checks] Preflight Fail: High Accelerometer Bias
WARN  [health_and_arming_checks] Preflight Fail: High Accelerometer Bias
WARN  [timesync] time jump detected. Resetting time synchroniser.
WARN  [uxrce_dds_client] time sync no longer converged
INFO  [uxrce_dds_client] time sync converged
WARN  [timesync] time jump detected. Resetting time synchroniser.
WARN  [uxrce_dds_client] time sync no longer converged
INFO  [uxrce_dds_client] time sync converged
WARN  [timesync] time jump detected. Resetting time synchroniser.
WARN  [uxrce_dds_client] time sync no longer converged
INFO  [uxrce_dds_client] time sync converged
WARN  [timesync] time jump detected. Resetting time synchroniser.
WARN  [uxrce_dds_client] time sync no longer converged
INFO  [uxrce_dds_client] time sync converged
WARN  [health_and_arming_checks] Preflight Fail: Yaw estimate error
WARN  [health_and_arming_checks] Preflight Fail: High Accelerometer Bias
WARN  [health_and_arming_checks] Preflight Fail: High Accelerometer Bias
WARN  [timesync] time jump detected. Resetting time synchroniser.
WARN  [uxrce_dds_client] time sync no longer converged
INFO  [uxrce_dds_client] time sync converged
WARN  [timesync] time jump detected. Resetting time synchroniser.
WARN  [uxrce_dds_client] time sync no longer converged
INFO  [uxrce_dds_client] time sync converged
WARN  [timesync] time jump detected. Resetting time synchroniser.
WARN  [uxrce_dds_client] time sync no longer converged
INFO  [uxrce_dds_client] time sync converged
WARN  [health_and_arming_checks] Preflight Fail: Yaw estimate error
WARN  [health_and_arming_checks] Preflight Fail: High Accelerometer Bias
WARN  [health_and_arming_checks] Preflight Fail: High Accelerometer Bias
WARN  [timesync] time jump detected. Resetting time synchroniser.
WARN  [uxrce_dds_client] time sync no longer converged
INFO  [uxrce_dds_client] time sync converged
WARN  [timesync] time jump detected. Resetting time synchroniser.
WARN  [uxrce_dds_client] time sync no longer converged
INFO  [uxrce_dds_client] time sync converged
WARN  [health_and_arming_checks] Preflight Fail: Yaw estimate error
WARN  [health_and_arming_checks] Preflight Fail: High Accelerometer Bias
WARN  [health_and_arming_checks] Preflight Fail: High Accelerometer Bias
WARN  [timesync] time jump detected. Resetting time synchroniser.
WARN  [uxrce_dds_client] time sync no longer converged
INFO  [uxrce_dds_client] time sync converged
WARN  [timesync] time jump detected. Resetting time synchroniser.
WARN  [uxrce_dds_client] time sync no longer converged
INFO  [uxrce_dds_client] time sync converged
WARN  [timesync] time jump detected. Resetting time synchroniser.
WARN  [uxrce_dds_client] time sync no longer converged
INFO  [uxrce_dds_client] time sync converged
WARN  [health_and_arming_checks] Preflight Fail: Yaw estimate error
WARN  [health_and_arming_checks] Preflight Fail: High Accelerometer Bias
WARN  [health_and_arming_checks] Preflight Fail: High Accelerometer Bias
WARN  [timesync] time jump detected. Resetting time synchroniser.
WARN  [uxrce_dds_client] time sync no longer converged
INFO  [uxrce_dds_client] time sync converged
WARN  [health_and_arming_checks] Preflight Fail: Yaw estimate error
WARN  [health_and_arming_checks] Preflight Fail: High Accelerometer Bias
WARN  [timesync] time jump detected. Resetting time synchroniser.
WARN  [uxrce_dds_client] time sync no longer converged
WARN  [health_and_arming_checks] Preflight Fail: High Accelerometer Bias
INFO  [uxrce_dds_client] time sync converged
WARN  [health_and_arming_checks] Preflight Fail: Yaw estimate error
WARN  [health_and_arming_checks] Preflight Fail: High Accelerometer Bias
WARN  [health_and_arming_checks] Preflight Fail: High Accelerometer Bias
WARN  [timesync] time jump detected. Resetting time synchroniser.
WARN  [uxrce_dds_client] time sync no longer converged
INFO  [uxrce_dds_client] time sync converged
WARN  [timesync] time jump detected. Resetting time synchroniser.
WARN  [uxrce_dds_client] time sync no longer converged
INFO  [uxrce_dds_client] time sync converged
WARN  [timesync] time jump detected. Resetting time synchroniser.
WARN  [uxrce_dds_client] time sync no longer converged
INFO  [uxrce_dds_client] time sync converged
WARN  [timesync] time jump detected. Resetting time synchroniser.
WARN  [uxrce_dds_client] time sync no longer converged
INFO  [uxrce_dds_client] time sync converged
WARN  [timesync] time jump detected. Resetting time synchroniser.
WARN  [uxrce_dds_client] time sync no longer converged
INFO  [uxrce_dds_client] time sync converged
WARN  [timesync] time jump detected. Resetting time synchroniser.
WARN  [uxrce_dds_client] time sync no longer converged
INFO  [uxrce_dds_client] time sync converged
WARN  [timesync] time jump detected. Resetting time synchroniser.
WARN  [uxrce_dds_client] time sync no longer converged
INFO  [uxrce_dds_client] time sync converged
WARN  [timesync] time jump detected. Resetting time synchroniser.
WARN  [uxrce_dds_client] time sync no longer converged
INFO  [uxrce_dds_client] time sync converged
WARN  [timesync] time jump detected. Resetting time synchroniser.
WARN  [uxrce_dds_client] time sync no longer converged
INFO  [uxrce_dds_client] time sync converged
WARN  [timesync] time jump detected. Resetting time synchroniser.
WARN  [uxrce_dds_client] time sync no longer converged
INFO  [uxrce_dds_client] time sync converged
WARN  [health_and_arming_checks] Preflight Fail: Yaw estimate error
WARN  [health_and_arming_checks] Preflight Fail: High Accelerometer Bias
WARN  [health_and_arming_checks] Preflight Fail: High Accelerometer Bias
WARN  [timesync] time jump detected. Resetting time synchroniser.
WARN  [uxrce_dds_client] time sync no longer converged
INFO  [uxrce_dds_client] time sync converged
WARN  [health_and_arming_checks] Preflight Fail: Yaw estimate error
WARN  [health_and_arming_checks] Preflight Fail: High Accelerometer Bias
WARN  [health_and_arming_checks] Preflight Fail: High Accelerometer Bias
WARN  [timesync] time jump detected. Resetting time synchroniser.
WARN  [uxrce_dds_client] time sync no longer converged
INFO  [uxrce_dds_client] time sync converged
WARN  [timesync] time jump detected. Resetting time synchroniser.
WARN  [uxrce_dds_client] time sync no longer converged
INFO  [uxrce_dds_client] time sync converged
WARN  [health_and_arming_checks] Preflight Fail: Yaw estimate error
WARN  [health_and_arming_checks] Preflight Fail: High Accelerometer Bias
WARN  [health_and_arming_checks] Preflight Fail: High Accelerometer Bias
WARN  [health_and_arming_checks] Preflight Fail: Yaw estimate error
WARN  [health_and_arming_checks] Preflight Fail: High Accelerometer Bias
WARN  [health_and_arming_checks] Preflight Fail: High Accelerometer Bias
WARN  [timesync] time jump detected. Resetting time synchroniser.
WARN  [uxrce_dds_client] time sync no longer converged
INFO  [uxrce_dds_client] time sync converged
WARN  [timesync] time jump detected. Resetting time synchroniser.
WARN  [uxrce_dds_client] time sync no longer converged
INFO  [uxrce_dds_client] time sync converged
WARN  [health_and_arming_checks] Preflight Fail: Yaw estimate error
WARN  [health_and_arming_checks] Preflight Fail: High Accelerometer Bias
WARN  [health_and_arming_checks] Preflight Fail: High Accelerometer Bias
WARN  [timesync] time jump detected. Resetting time synchroniser.
WARN  [uxrce_dds_client] time sync no longer converged
INFO  [uxrce_dds_client] time sync converged
WARN  [timesync] time jump detected. Resetting time synchroniser.
WARN  [uxrce_dds_client] time sync no longer converged
INFO  [uxrce_dds_client] time sync converged
WARN  [health_and_arming_checks] Preflight Fail: Yaw estimate error
WARN  [health_and_arming_checks] Preflight Fail: High Accelerometer Bias
WARN  [health_and_arming_checks] Preflight Fail: High Accelerometer Bias
WARN  [health_and_arming_checks] Preflight Fail: Yaw estimate error
WARN  [health_and_arming_checks] Preflight Fail: High Accelerometer Bias
WARN  [health_and_arming_checks] Preflight Fail: High Accelerometer Bias
WARN  [timesync] time jump detected. Resetting time synchroniser.
WARN  [uxrce_dds_client] time sync no longer converged
INFO  [uxrce_dds_client] time sync converged
WARN  [timesync] time jump detected. Resetting time synchroniser.
WARN  [uxrce_dds_client] time sync no longer converged
INFO  [uxrce_dds_client] time sync converged
WARN  [timesync] time jump detected. Resetting time synchroniser.
WARN  [uxrce_dds_client] time sync no longer converged
INFO  [uxrce_dds_client] time sync converged
WARN  [health_and_arming_checks] Preflight Fail: Yaw estimate error
WARN  [health_and_arming_checks] Preflight Fail: High Accelerometer Bias
WARN  [health_and_arming_checks] Preflight Fail: High Accelerometer Bias
WARN  [timesync] time jump detected. Resetting time synchroniser.
WARN  [uxrce_dds_client] time sync no longer converged
INFO  [uxrce_dds_client] time sync converged
WARN  [timesync] time jump detected. Resetting time synchroniser.
WARN  [uxrce_dds_client] time sync no longer converged
INFO  [uxrce_dds_client] time sync converged
WARN  [timesync] time jump detected. Resetting time synchroniser.
WARN  [uxrce_dds_client] time sync no longer converged
INFO  [uxrce_dds_client] time sync converged
WARN  [timesync] time jump detected. Resetting time synchroniser.
WARN  [uxrce_dds_client] time sync no longer converged
INFO  [uxrce_dds_client] time sync converged
WARN  [timesync] time jump detected. Resetting time synchroniser.
WARN  [uxrce_dds_client] time sync no longer converged
INFO  [uxrce_dds_client] time sync converged
WARN  [timesync] time jump detected. Resetting time synchroniser.
WARN  [uxrce_dds_client] time sync no longer converged
INFO  [uxrce_dds_client] time sync converged
WARN  [health_and_arming_checks] Preflight Fail: Yaw estimate error
WARN  [health_and_arming_checks] Preflight Fail: High Accelerometer Bias
WARN  [health_and_arming_checks] Preflight Fail: High Accelerometer Bias
WARN  [timesync] time jump detected. Resetting time synchroniser.
WARN  [uxrce_dds_client] time sync no longer converged
INFO  [uxrce_dds_client] time sync converged
WARN  [timesync] time jump detected. Resetting time synchroniser.
WARN  [uxrce_dds_client] time sync no longer converged
INFO  [uxrce_dds_client] time sync converged
WARN  [health_and_arming_checks] Preflight Fail: Yaw estimate error
WARN  [health_and_arming_checks] Preflight Fail: High Accelerometer Bias
WARN  [health_and_arming_checks] Preflight Fail: High Accelerometer Bias
WARN  [timesync] time jump detected. Resetting time synchroniser.
WARN  [uxrce_dds_client] time sync no longer converged
INFO  [uxrce_dds_client] time sync converged
WARN  [timesync] time jump detected. Resetting time synchroniser.
WARN  [uxrce_dds_client] time sync no longer converged
INFO  [uxrce_dds_client] time sync converged
WARN  [health_and_arming_checks] Preflight Fail: Yaw estimate error
WARN  [health_and_arming_checks] Preflight Fail: High Accelerometer Bias
WARN  [health_and_arming_checks] Preflight Fail: High Accelerometer Bias
WARN  [timesync] time jump detected. Resetting time synchroniser.
WARN  [uxrce_dds_client] time sync no longer converged
INFO  [uxrce_dds_client] time sync converged
WARN  [timesync] time jump detected. Resetting time synchroniser.
WARN  [uxrce_dds_client] time sync no longer converged
INFO  [uxrce_dds_client] time sync converged
WARN  [health_and_arming_checks] Preflight Fail: Yaw estimate error
WARN  [health_and_arming_checks] Preflight Fail: High Accelerometer Bias
WARN  [health_and_arming_checks] Preflight Fail: High Accelerometer Bias
WARN  [health_and_arming_checks] Preflight Fail: Yaw estimate error
WARN  [health_and_arming_checks] Preflight Fail: High Accelerometer Bias
WARN  [health_and_arming_checks] Preflight Fail: High Accelerometer Bias
WARN  [timesync] time jump detected. Resetting time synchroniser.
WARN  [uxrce_dds_client] time sync no longer converged
INFO  [uxrce_dds_client] time sync converged
WARN  [health_and_arming_checks] Preflight Fail: Yaw estimate error
WARN  [health_and_arming_checks] Preflight Fail: High Accelerometer Bias
WARN  [health_and_arming_checks] Preflight Fail: High Accelerometer Bias
WARN  [timesync] time jump detected. Resetting time synchroniser.
WARN  [uxrce_dds_client] time sync no longer converged
INFO  [uxrce_dds_client] time sync converged
WARN  [timesync] time jump detected. Resetting time synchroniser.
WARN  [uxrce_dds_client] time sync no longer converged
INFO  [uxrce_dds_client] time sync converged
WARN  [health_and_arming_checks] Preflight Fail: Yaw estimate error
WARN  [health_and_arming_checks] Preflight Fail: High Accelerometer Bias
WARN  [health_and_arming_checks] Preflight Fail: High Accelerometer Bias
WARN  [timesync] time jump detected. Resetting time synchroniser.
WARN  [uxrce_dds_client] time sync no longer converged
INFO  [uxrce_dds_client] time sync converged
WARN  [timesync] time jump detected. Resetting time synchroniser.
WARN  [uxrce_dds_client] time sync no longer converged
INFO  [uxrce_dds_client] time sync converged
WARN  [timesync] time jump detected. Resetting time synchroniser.
WARN  [uxrce_dds_client] time sync no longer converged
INFO  [uxrce_dds_client] time sync converged
WARN  [timesync] time jump detected. Resetting time synchroniser.
WARN  [uxrce_dds_client] time sync no longer converged
INFO  [uxrce_dds_client] time sync converged
WARN  [timesync] time jump detected. Resetting time synchroniser.
WARN  [uxrce_dds_client] time sync no longer converged
INFO  [uxrce_dds_client] time sync converged
WARN  [timesync] time jump detected. Resetting time synchroniser.
WARN  [uxrce_dds_client] time sync no longer converged
INFO  [uxrce_dds_client] time sync converged
WARN  [timesync] time jump detected. Resetting time synchroniser.
WARN  [uxrce_dds_client] time sync no longer converged
INFO  [uxrce_dds_client] time sync converged
WARN  [timesync] time jump detected. Resetting time synchroniser.
WARN  [uxrce_dds_client] time sync no longer converged
INFO  [uxrce_dds_client] time sync converged
WARN  [timesync] time jump detected. Resetting time synchroniser.
WARN  [uxrce_dds_client] time sync no longer converged
INFO  [uxrce_dds_client] time sync converged
WARN  [timesync] time jump detected. Resetting time synchroniser.
WARN  [uxrce_dds_client] time sync no longer converged
INFO  [uxrce_dds_client] time sync converged
WARN  [timesync] time jump detected. Resetting time synchroniser.
WARN  [uxrce_dds_client] time sync no longer converged
INFO  [uxrce_dds_client] time sync converged
WARN  [timesync] time jump detected. Resetting time synchroniser.
WARN  [uxrce_dds_client] time sync no longer converged
INFO  [uxrce_dds_client] time sync converged
WARN  [health_and_arming_checks] Preflight Fail: Yaw estimate error
WARN  [health_and_arming_checks] Preflight Fail: High Accelerometer Bias
WARN  [health_and_arming_checks] Preflight Fail: High Accelerometer Bias
WARN  [timesync] time jump detected. Resetting time synchroniser.
WARN  [uxrce_dds_client] time sync no longer converged
INFO  [uxrce_dds_client] time sync converged
WARN  [timesync] time jump detected. Resetting time synchroniser.
WARN  [uxrce_dds_client] time sync no longer converged
INFO  [uxrce_dds_client] time sync converged
WARN  [health_and_arming_checks] Preflight Fail: Yaw estimate error
WARN  [health_and_arming_checks] Preflight Fail: High Accelerometer Bias
WARN  [health_and_arming_checks] Preflight Fail: High Accelerometer Bias
WARN  [health_and_arming_checks] Preflight Fail: High Accelerometer Bias
WARN  [timesync] time jump detected. Resetting time synchroniser.
WARN  [uxrce_dds_client] time sync no longer converged
INFO  [uxrce_dds_client] time sync converged
WARN  [health_and_arming_checks] Preflight Fail: Yaw estimate error
WARN  [health_and_arming_checks] Preflight Fail: High Accelerometer Bias
WARN  [health_and_arming_checks] Preflight Fail: High Accelerometer Bias
WARN  [timesync] time jump detected. Resetting time synchroniser.
WARN  [uxrce_dds_client] time sync no longer converged
INFO  [uxrce_dds_client] time sync converged
WARN  [health_and_arming_checks] Preflight Fail: Yaw estimate error
WARN  [health_and_arming_checks] Preflight Fail: High Accelerometer Bias
WARN  [timesync] time jump detected. Resetting time synchroniser.
WARN  [uxrce_dds_client] time sync no longer converged
WARN  [health_and_arming_checks] Preflight Fail: High Accelerometer Bias
INFO  [uxrce_dds_client] time sync converged
WARN  [health_and_arming_checks] Preflight Fail: Yaw estimate error
WARN  [health_and_arming_checks] Preflight Fail: High Accelerometer Bias
WARN  [health_and_arming_checks] Preflight Fail: High Accelerometer Bias
WARN  [timesync] time jump detected. Resetting time synchroniser.
WARN  [uxrce_dds_client] time sync no longer converged
INFO  [uxrce_dds_client] time sync converged
WARN  [timesync] time jump detected. Resetting time synchroniser.
WARN  [uxrce_dds_client] time sync no longer converged
INFO  [uxrce_dds_client] time sync converged
WARN  [timesync] time jump detected. Resetting time synchroniser.
WARN  [uxrce_dds_client] time sync no longer converged
INFO  [uxrce_dds_client] time sync converged
WARN  [health_and_arming_checks] Preflight Fail: Yaw estimate error
WARN  [health_and_arming_checks] Preflight Fail: High Accelerometer Bias
WARN  [health_and_arming_checks] Preflight Fail: High Accelerometer Bias
WARN  [timesync] time jump detected. Resetting time synchroniser.
WARN  [uxrce_dds_client] time sync no longer converged
INFO  [uxrce_dds_client] time sync converged
WARN  [timesync] time jump detected. Resetting time synchroniser.
WARN  [uxrce_dds_client] time sync no longer converged
INFO  [uxrce_dds_client] time sync converged
WARN  [timesync] time jump detected. Resetting time synchroniser.
WARN  [uxrce_dds_client] time sync no longer converged
INFO  [uxrce_dds_client] time sync converged
WARN  [timesync] time jump detected. Resetting time synchroniser.
WARN  [uxrce_dds_client] time sync no longer converged
INFO  [uxrce_dds_client] time sync converged
WARN  [health_and_arming_checks] Preflight Fail: Yaw estimate error
WARN  [health_and_arming_checks] Preflight Fail: High Accelerometer Bias
WARN  [health_and_arming_checks] Preflight Fail: High Accelerometer Bias
WARN  [health_and_arming_checks] Preflight Fail: High Accelerometer Bias
WARN  [health_and_arming_checks] Preflight Fail: Yaw estimate error
WARN  [health_and_arming_checks] Preflight Fail: High Accelerometer Bias
WARN  [health_and_arming_checks] Preflight Fail: High Accelerometer Bias
WARN  [timesync] time jump detected. Resetting time synchroniser.
WARN  [uxrce_dds_client] time sync no longer converged
INFO  [uxrce_dds_client] time sync converged
WARN  [timesync] time jump detected. Resetting time synchroniser.
WARN  [uxrce_dds_client] time sync no longer converged
INFO  [uxrce_dds_client] time sync converged
WARN  [timesync] time jump detected. Resetting time synchroniser.
WARN  [uxrce_dds_client] time sync no longer converged
INFO  [uxrce_dds_client] time sync converged
WARN  [health_and_arming_checks] Preflight Fail: Yaw estimate error
WARN  [health_and_arming_checks] Preflight Fail: High Accelerometer Bias
WARN  [health_and_arming_checks] Preflight Fail: High Accelerometer Bias
WARN  [health_and_arming_checks] Preflight Fail: High Accelerometer Bias
WARN  [timesync] time jump detected. Resetting time synchroniser.
WARN  [uxrce_dds_client] time sync no longer converged
INFO  [uxrce_dds_client] time sync converged
WARN  [timesync] time jump detected. Resetting time synchroniser.
WARN  [uxrce_dds_client] time sync no longer converged
INFO  [uxrce_dds_client] time sync converged
WARN  [health_and_arming_checks] Preflight Fail: Yaw estimate error
WARN  [health_and_arming_checks] Preflight Fail: High Accelerometer Bias
WARN  [health_and_arming_checks] Preflight Fail: High Accelerometer Bias
WARN  [timesync] time jump detected. Resetting time synchroniser.
WARN  [uxrce_dds_client] time sync no longer converged
INFO  [uxrce_dds_client] time sync converged
WARN  [health_and_arming_checks] Preflight Fail: Yaw estimate error
WARN  [health_and_arming_checks] Preflight Fail: High Accelerometer Bias
WARN  [health_and_arming_checks] Preflight Fail: High Accelerometer Bias
WARN  [timesync] time jump detected. Resetting time synchroniser.
WARN  [uxrce_dds_client] time sync no longer converged
INFO  [uxrce_dds_client] time sync converged
WARN  [timesync] time jump detected. Resetting time synchroniser.
WARN  [uxrce_dds_client] time sync no longer converged
INFO  [uxrce_dds_client] time sync converged
WARN  [timesync] time jump detected. Resetting time synchroniser.
WARN  [uxrce_dds_client] time sync no longer converged
INFO  [uxrce_dds_client] time sync converged
WARN  [timesync] time jump detected. Resetting time synchroniser.
WARN  [uxrce_dds_client] time sync no longer converged
INFO  [uxrce_dds_client] time sync converged
WARN  [timesync] time jump detected. Resetting time synchroniser.
WARN  [uxrce_dds_client] time sync no longer converged
INFO  [uxrce_dds_client] time sync converged
WARN  [timesync] time jump detected. Resetting time synchroniser.
WARN  [uxrce_dds_client] time sync no longer converged
INFO  [uxrce_dds_client] time sync converged
WARN  [timesync] time jump detected. Resetting time synchroniser.
WARN  [uxrce_dds_client] time sync no longer converged
INFO  [uxrce_dds_client] time sync converged
WARN  [timesync] time jump detected. Resetting time synchroniser.
WARN  [uxrce_dds_client] time sync no longer converged
INFO  [uxrce_dds_client] time sync converged
WARN  [timesync] time jump detected. Resetting time synchroniser.
WARN  [uxrce_dds_client] time sync no longer converged
INFO  [uxrce_dds_client] time sync converged
WARN  [health_and_arming_checks] Preflight Fail: Yaw estimate error
WARN  [health_and_arming_checks] Preflight Fail: High Accelerometer Bias
WARN  [health_and_arming_checks] Preflight Fail: High Accelerometer Bias
WARN  [timesync] time jump detected. Resetting time synchroniser.
WARN  [uxrce_dds_client] time sync no longer converged
INFO  [uxrce_dds_client] time sync converged
WARN  [timesync] time jump detected. Resetting time synchroniser.
WARN  [uxrce_dds_client] time sync no longer converged
INFO  [uxrce_dds_client] time sync converged
WARN  [health_and_arming_checks] Preflight Fail: Yaw estimate error
WARN  [health_and_arming_checks] Preflight Fail: High Accelerometer Bias
WARN  [health_and_arming_checks] Preflight Fail: High Accelerometer Bias
WARN  [timesync] time jump detected. Resetting time synchroniser.
WARN  [uxrce_dds_client] time sync no longer converged
INFO  [uxrce_dds_client] time sync converged
WARN  [timesync] time jump detected. Resetting time synchroniser.
WARN  [uxrce_dds_client] time sync no longer converged
INFO  [uxrce_dds_client] time sync converged
WARN  [health_and_arming_checks] Preflight Fail: Yaw estimate error
WARN  [health_and_arming_checks] Preflight Fail: High Accelerometer Bias
WARN  [health_and_arming_checks] Preflight Fail: High Accelerometer Bias
WARN  [timesync] time jump detected. Resetting time synchroniser.
WARN  [uxrce_dds_client] time sync no longer converged
INFO  [uxrce_dds_client] time sync converged
WARN  [health_and_arming_checks] Preflight Fail: Yaw estimate error
WARN  [health_and_arming_checks] Preflight Fail: High Accelerometer Bias
WARN  [health_and_arming_checks] Preflight Fail: High Accelerometer Bias
WARN  [health_and_arming_checks] Preflight Fail: Yaw estimate error
WARN  [health_and_arming_checks] Preflight Fail: High Accelerometer Bias
WARN  [health_and_arming_checks] Preflight Fail: High Accelerometer Bias
WARN  [timesync] time jump detected. Resetting time synchroniser.
WARN  [uxrce_dds_client] time sync no longer converged
INFO  [uxrce_dds_client] time sync converged
WARN  [timesync] time jump detected. Resetting time synchroniser.
WARN  [uxrce_dds_client] time sync no longer converged
INFO  [uxrce_dds_client] time sync converged
WARN  [timesync] time jump detected. Resetting time synchroniser.
WARN  [uxrce_dds_client] time sync no longer converged
INFO  [uxrce_dds_client] time sync converged
WARN  [timesync] time jump detected. Resetting time synchroniser.
WARN  [uxrce_dds_client] time sync no longer converged
WARN  [health_and_arming_checks] Preflight Fail: Yaw estimate error
WARN  [health_and_arming_checks] Preflight Fail: High Accelerometer Bias
INFO  [uxrce_dds_client] time sync converged
WARN  [health_and_arming_checks] Preflight Fail: High Accelerometer Bias
WARN  [timesync] time jump detected. Resetting time synchroniser.
WARN  [uxrce_dds_client] time sync no longer converged
INFO  [uxrce_dds_client] time sync converged
WARN  [health_and_arming_checks] Preflight Fail: Yaw estimate error
WARN  [health_and_arming_checks] Preflight Fail: High Accelerometer Bias
WARN  [timesync] time jump detected. Resetting time synchroniser.
WARN  [uxrce_dds_client] time sync no longer converged
WARN  [health_and_arming_checks] Preflight Fail: High Accelerometer Bias
INFO  [uxrce_dds_client] time sync converged
WARN  [timesync] time jump detected. Resetting time synchroniser.
WARN  [uxrce_dds_client] time sync no longer converged
WARN  [health_and_arming_checks] Preflight Fail: Yaw estimate error
WARN  [health_and_arming_checks] Preflight Fail: High Accelerometer Bias
INFO  [uxrce_dds_client] time sync converged
WARN  [health_and_arming_checks] Preflight Fail: High Accelerometer Bias
WARN  [timesync] time jump detected. Resetting time synchroniser.
WARN  [uxrce_dds_client] time sync no longer converged
INFO  [uxrce_dds_client] time sync converged
WARN  [health_and_arming_checks] Preflight Fail: Yaw estimate error
WARN  [health_and_arming_checks] Preflight Fail: High Accelerometer Bias
WARN  [health_and_arming_checks] Preflight Fail: High Accelerometer Bias
WARN  [health_and_arming_checks] Preflight Fail: Yaw estimate error
WARN  [health_and_arming_checks] Preflight Fail: High Accelerometer Bias
WARN  [health_and_arming_checks] Preflight Fail: High Accelerometer Bias
WARN  [timesync] time jump detected. Resetting time synchroniser.
WARN  [uxrce_dds_client] time sync no longer converged
INFO  [uxrce_dds_client] time sync converged
WARN  [timesync] time jump detected. Resetting time synchroniser.
WARN  [uxrce_dds_client] time sync no longer converged
INFO  [uxrce_dds_client] time sync converged
WARN  [health_and_arming_checks] Preflight Fail: Yaw estimate error
WARN  [health_and_arming_checks] Preflight Fail: High Accelerometer Bias
WARN  [health_and_arming_checks] Preflight Fail: High Accelerometer Bias
WARN  [health_and_arming_checks] Preflight Fail: Yaw estimate error
WARN  [health_and_arming_checks] Preflight Fail: High Accelerometer Bias
WARN  [health_and_arming_checks] Preflight Fail: High Accelerometer Bias
WARN  [timesync] time jump detected. Resetting time synchroniser.
WARN  [uxrce_dds_client] time sync no longer converged
INFO  [uxrce_dds_client] time sync converged
WARN  [timesync] time jump detected. Resetting time synchroniser.
WARN  [uxrce_dds_client] time sync no longer converged
INFO  [uxrce_dds_client] time sync converged
WARN  [timesync] time jump detected. Resetting time synchroniser.
WARN  [uxrce_dds_client] time sync no longer converged
INFO  [uxrce_dds_client] time sync converged
WARN  [timesync] time jump detected. Resetting time synchroniser.
WARN  [uxrce_dds_client] time sync no longer converged
INFO  [uxrce_dds_client] time sync converged
WARN  [timesync] time jump detected. Resetting time synchroniser.
WARN  [uxrce_dds_client] time sync no longer converged
INFO  [uxrce_dds_client] time sync converged
WARN  [timesync] time jump detected. Resetting time synchroniser.
WARN  [uxrce_dds_client] time sync no longer converged
INFO  [uxrce_dds_client] time sync converged
WARN  [timesync] time jump detected. Resetting time synchroniser.
WARN  [uxrce_dds_client] time sync no longer converged
INFO  [uxrce_dds_client] time sync converged
WARN  [timesync] time jump detected. Resetting time synchroniser.
WARN  [uxrce_dds_client] time sync no longer converged
INFO  [uxrce_dds_client] time sync converged
WARN  [health_and_arming_checks] Preflight Fail: Yaw estimate error
WARN  [health_and_arming_checks] Preflight Fail: High Accelerometer Bias
WARN  [health_and_arming_checks] Preflight Fail: High Accelerometer Bias
WARN  [health_and_arming_checks] Preflight Fail: Yaw estimate error
WARN  [health_and_arming_checks] Preflight Fail: High Accelerometer Bias
WARN  [health_and_arming_checks] Preflight Fail: High Accelerometer Bias
WARN  [timesync] time jump detected. Resetting time synchroniser.
WARN  [uxrce_dds_client] time sync no longer converged
WARN  [health_and_arming_checks] Preflight Fail: Yaw estimate error
WARN  [health_and_arming_checks] Preflight Fail: High Accelerometer Bias
INFO  [uxrce_dds_client] time sync converged
WARN  [health_and_arming_checks] Preflight Fail: High Accelerometer Bias
WARN  [timesync] time jump detected. Resetting time synchroniser.
WARN  [uxrce_dds_client] time sync no longer converged
INFO  [uxrce_dds_client] time sync converged
WARN  [timesync] time jump detected. Resetting time synchroniser.
WARN  [uxrce_dds_client] time sync no longer converged
INFO  [uxrce_dds_client] time sync converged
WARN  [timesync] time jump detected. Resetting time synchroniser.
WARN  [uxrce_dds_client] time sync no longer converged
INFO  [uxrce_dds_client] time sync converged
WARN  [timesync] time jump detected. Resetting time synchroniser.
WARN  [uxrce_dds_client] time sync no longer converged
INFO  [uxrce_dds_client] time sync converged
WARN  [timesync] time jump detected. Resetting time synchroniser.
WARN  [uxrce_dds_client] time sync no longer converged
INFO  [uxrce_dds_client] time sync converged
WARN  [timesync] time jump detected. Resetting time synchroniser.
WARN  [uxrce_dds_client] time sync no longer converged
INFO  [uxrce_dds_client] time sync converged
WARN  [timesync] time jump detected. Resetting time synchroniser.
WARN  [uxrce_dds_client] time sync no longer converged
INFO  [uxrce_dds_client] time sync converged
WARN  [health_and_arming_checks] Preflight Fail: Yaw estimate error
WARN  [health_and_arming_checks] Preflight Fail: High Accelerometer Bias
WARN  [health_and_arming_checks] Preflight Fail: High Accelerometer Bias
WARN  [timesync] time jump detected. Resetting time synchroniser.
WARN  [uxrce_dds_client] time sync no longer converged
INFO  [uxrce_dds_client] time sync converged
WARN  [timesync] time jump detected. Resetting time synchroniser.
WARN  [uxrce_dds_client] time sync no longer converged
INFO  [uxrce_dds_client] time sync converged
WARN  [timesync] time jump detected. Resetting time synchroniser.
WARN  [uxrce_dds_client] time sync no longer converged
INFO  [uxrce_dds_client] time sync converged
WARN  [health_and_arming_checks] Preflight Fail: Yaw estimate error
WARN  [health_and_arming_checks] Preflight Fail: High Accelerometer Bias
WARN  [health_and_arming_checks] Preflight Fail: High Accelerometer Bias
WARN  [timesync] time jump detected. Resetting time synchroniser.
WARN  [uxrce_dds_client] time sync no longer converged
INFO  [uxrce_dds_client] time sync converged
WARN  [timesync] time jump detected. Resetting time synchroniser.
WARN  [uxrce_dds_client] time sync no longer converged
INFO  [uxrce_dds_client] time sync converged
WARN  [timesync] time jump detected. Resetting time synchroniser.
WARN  [uxrce_dds_client] time sync no longer converged
INFO  [uxrce_dds_client] time sync converged
WARN  [health_and_arming_checks] Preflight Fail: Yaw estimate error
WARN  [health_and_arming_checks] Preflight Fail: High Accelerometer Bias
WARN  [health_and_arming_checks] Preflight Fail: High Accelerometer Bias
WARN  [timesync] time jump detected. Resetting time synchroniser.
WARN  [uxrce_dds_client] time sync no longer converged
INFO  [uxrce_dds_client] time sync converged
WARN  [timesync] time jump detected. Resetting time synchroniser.
WARN  [uxrce_dds_client] time sync no longer converged
INFO  [uxrce_dds_client] time sync converged
WARN  [health_and_arming_checks] Preflight Fail: Yaw estimate error
WARN  [health_and_arming_checks] Preflight Fail: High Accelerometer Bias
WARN  [health_and_arming_checks] Preflight Fail: High Accelerometer Bias
WARN  [timesync] time jump detected. Resetting time synchroniser.
WARN  [uxrce_dds_client] time sync no longer converged
INFO  [uxrce_dds_client] time sync converged
WARN  [health_and_arming_checks] Preflight Fail: Yaw estimate error
WARN  [health_and_arming_checks] Preflight Fail: High Accelerometer Bias
WARN  [health_and_arming_checks] Preflight Fail: High Accelerometer Bias
WARN  [timesync] time jump detected. Resetting time synchroniser.
WARN  [uxrce_dds_client] time sync no longer converged
INFO  [uxrce_dds_client] time sync converged
WARN  [timesync] time jump detected. Resetting time synchroniser.
WARN  [uxrce_dds_client] time sync no longer converged
INFO  [uxrce_dds_client] time sync converged
WARN  [timesync] time jump detected. Resetting time synchroniser.
WARN  [uxrce_dds_client] time sync no longer converged
INFO  [uxrce_dds_client] time sync converged
WARN  [timesync] time jump detected. Resetting time synchroniser.
WARN  [uxrce_dds_client] time sync no longer converged
INFO  [uxrce_dds_client] time sync converged
WARN  [timesync] time jump detected. Resetting time synchroniser.
WARN  [uxrce_dds_client] time sync no longer converged
INFO  [uxrce_dds_client] time sync converged
WARN  [timesync] time jump detected. Resetting time synchroniser.
WARN  [uxrce_dds_client] time sync no longer converged
INFO  [uxrce_dds_client] time sync converged
WARN  [timesync] time jump detected. Resetting time synchroniser.
WARN  [uxrce_dds_client] time sync no longer converged
INFO  [uxrce_dds_client] time sync converged
WARN  [health_and_arming_checks] Preflight Fail: Yaw estimate error
WARN  [health_and_arming_checks] Preflight Fail: High Accelerometer Bias
WARN  [health_and_arming_checks] Preflight Fail: High Accelerometer Bias
WARN  [timesync] time jump detected. Resetting time synchroniser.
WARN  [uxrce_dds_client] time sync no longer converged
INFO  [uxrce_dds_client] time sync converged
WARN  [timesync] time jump detected. Resetting time synchroniser.
WARN  [uxrce_dds_client] time sync no longer converged
INFO  [uxrce_dds_client] time sync converged
WARN  [health_and_arming_checks] Preflight Fail: Yaw estimate error
WARN  [health_and_arming_checks] Preflight Fail: High Accelerometer Bias
WARN  [health_and_arming_checks] Preflight Fail: High Accelerometer Bias
WARN  [timesync] time jump detected. Resetting time synchroniser.
WARN  [uxrce_dds_client] time sync no longer converged
INFO  [uxrce_dds_client] time sync converged
WARN  [timesync] time jump detected. Resetting time synchroniser.
WARN  [uxrce_dds_client] time sync no longer converged
INFO  [uxrce_dds_client] time sync converged
WARN  [health_and_arming_checks] Preflight Fail: Yaw estimate error
WARN  [health_and_arming_checks] Preflight Fail: High Accelerometer Bias
WARN  [health_and_arming_checks] Preflight Fail: High Accelerometer Bias
WARN  [timesync] time jump detected. Resetting time synchroniser.
WARN  [uxrce_dds_client] time sync no longer converged
INFO  [uxrce_dds_client] time sync converged
WARN  [timesync] time jump detected. Resetting time synchroniser.
WARN  [uxrce_dds_client] time sync no longer converged
INFO  [uxrce_dds_client] time sync converged
WARN  [timesync] time jump detected. Resetting time synchroniser.
WARN  [uxrce_dds_client] time sync no longer converged
INFO  [uxrce_dds_client] time sync converged
WARN  [health_and_arming_checks] Preflight Fail: Yaw estimate error
WARN  [health_and_arming_checks] Preflight Fail: High Accelerometer Bias
WARN  [health_and_arming_checks] Preflight Fail: High Accelerometer Bias
WARN  [timesync] time jump detected. Resetting time synchroniser.
WARN  [uxrce_dds_client] time sync no longer converged
INFO  [uxrce_dds_client] time sync converged
WARN  [timesync] time jump detected. Resetting time synchroniser.
WARN  [uxrce_dds_client] time sync no longer converged
INFO  [uxrce_dds_client] time sync converged
WARN  [health_and_arming_checks] Preflight Fail: Yaw estimate error
WARN  [health_and_arming_checks] Preflight Fail: High Accelerometer Bias
WARN  [health_and_arming_checks] Preflight Fail: High Accelerometer Bias
WARN  [timesync] time jump detected. Resetting time synchroniser.
WARN  [uxrce_dds_client] time sync no longer converged
INFO  [uxrce_dds_client] time sync converged
WARN  [health_and_arming_checks] Preflight Fail: Yaw estimate error
WARN  [health_and_arming_checks] Preflight Fail: High Accelerometer Bias
WARN  [health_and_arming_checks] Preflight Fail: High Accelerometer Bias
WARN  [timesync] time jump detected. Resetting time synchroniser.
WARN  [uxrce_dds_client] time sync no longer converged
INFO  [uxrce_dds_client] time sync converged
WARN  [health_and_arming_checks] Preflight Fail: Yaw estimate error
WARN  [health_and_arming_checks] Preflight Fail: High Accelerometer Bias
WARN  [health_and_arming_checks] Preflight Fail: High Accelerometer Bias
WARN  [timesync] time jump detected. Resetting time synchroniser.
WARN  [uxrce_dds_client] time sync no longer converged
INFO  [uxrce_dds_client] time sync converged
WARN  [timesync] time jump detected. Resetting time synchroniser.
WARN  [uxrce_dds_client] time sync no longer converged
INFO  [uxrce_dds_client] time sync converged
WARN  [timesync] time jump detected. Resetting time synchroniser.
WARN  [uxrce_dds_client] time sync no longer converged
INFO  [uxrce_dds_client] time sync converged
WARN  [timesync] time jump detected. Resetting time synchroniser.
WARN  [uxrce_dds_client] time sync no longer converged
INFO  [uxrce_dds_client] time sync converged
WARN  [timesync] time jump detected. Resetting time synchroniser.
WARN  [uxrce_dds_client] time sync no longer converged
INFO  [uxrce_dds_client] time sync converged
WARN  [health_and_arming_checks] Preflight Fail: Yaw estimate error
WARN  [health_and_arming_checks] Preflight Fail: High Accelerometer Bias
WARN  [health_and_arming_checks] Preflight Fail: High Accelerometer Bias
WARN  [timesync] time jump detected. Resetting time synchroniser.
WARN  [uxrce_dds_client] time sync no longer converged
INFO  [uxrce_dds_client] time sync converged
WARN  [health_and_arming_checks] Preflight Fail: Yaw estimate error
WARN  [health_and_arming_checks] Preflight Fail: High Accelerometer Bias
WARN  [health_and_arming_checks] Preflight Fail: High Accelerometer Bias
WARN  [timesync] time jump detected. Resetting time synchroniser.
WARN  [uxrce_dds_client] time sync no longer converged
INFO  [uxrce_dds_client] time sync converged
WARN  [health_and_arming_checks] Preflight Fail: Yaw estimate error
WARN  [health_and_arming_checks] Preflight Fail: High Accelerometer Bias
WARN  [timesync] time jump detected. Resetting time synchroniser.
WARN  [uxrce_dds_client] time sync no longer converged
WARN  [health_and_arming_checks] Preflight Fail: High Accelerometer Bias
INFO  [uxrce_dds_client] time sync converged
WARN  [health_and_arming_checks] Preflight Fail: Yaw estimate error
WARN  [health_and_arming_checks] Preflight Fail: High Accelerometer Bias
WARN  [health_and_arming_checks] Preflight Fail: High Accelerometer Bias
WARN  [timesync] time jump detected. Resetting time synchroniser.
WARN  [uxrce_dds_client] time sync no longer converged
INFO  [uxrce_dds_client] time sync converged
WARN  [timesync] time jump detected. Resetting time synchroniser.
WARN  [uxrce_dds_client] time sync no longer converged
INFO  [uxrce_dds_client] time sync converged
WARN  [health_and_arming_checks] Preflight Fail: Yaw estimate error
WARN  [health_and_arming_checks] Preflight Fail: High Accelerometer Bias
WARN  [health_and_arming_checks] Preflight Fail: High Accelerometer Bias
WARN  [timesync] time jump detected. Resetting time synchroniser.
WARN  [uxrce_dds_client] time sync no longer converged
INFO  [uxrce_dds_client] time sync converged
WARN  [health_and_arming_checks] Preflight Fail: Yaw estimate error
WARN  [health_and_arming_checks] Preflight Fail: High Accelerometer Bias
WARN  [health_and_arming_checks] Preflight Fail: High Accelerometer Bias
WARN  [timesync] time jump detected. Resetting time synchroniser.
WARN  [uxrce_dds_client] time sync no longer converged
INFO  [uxrce_dds_client] time sync converged
WARN  [timesync] time jump detected. Resetting time synchroniser.
WARN  [uxrce_dds_client] time sync no longer converged
INFO  [uxrce_dds_client] time sync converged
WARN  [health_and_arming_checks] Preflight Fail: Yaw estimate error
WARN  [health_and_arming_checks] Preflight Fail: High Accelerometer Bias
WARN  [health_and_arming_checks] Preflight Fail: High Accelerometer Bias
WARN  [timesync] time jump detected. Resetting time synchroniser.
WARN  [uxrce_dds_client] time sync no longer converged
INFO  [uxrce_dds_client] time sync converged
WARN  [timesync] time jump detected. Resetting time synchroniser.
WARN  [uxrce_dds_client] time sync no longer converged
INFO  [uxrce_dds_client] time sync converged
WARN  [health_and_arming_checks] Preflight Fail: Yaw estimate error
WARN  [health_and_arming_checks] Preflight Fail: High Accelerometer Bias
WARN  [health_and_arming_checks] Preflight Fail: High Accelerometer Bias
WARN  [timesync] time jump detected. Resetting time synchroniser.
WARN  [uxrce_dds_client] time sync no longer converged
INFO  [uxrce_dds_client] time sync converged
WARN  [health_and_arming_checks] Preflight Fail: Yaw estimate error
WARN  [health_and_arming_checks] Preflight Fail: High Accelerometer Bias
WARN  [health_and_arming_checks] Preflight Fail: High Accelerometer Bias
WARN  [timesync] time jump detected. Resetting time synchroniser.
WARN  [uxrce_dds_client] time sync no longer converged
INFO  [uxrce_dds_client] time sync converged
WARN  [health_and_arming_checks] Preflight Fail: Yaw estimate error
WARN  [health_and_arming_checks] Preflight Fail: High Accelerometer Bias
WARN  [health_and_arming_checks] Preflight Fail: High Accelerometer Bias
WARN  [timesync] time jump detected. Resetting time synchroniser.
WARN  [uxrce_dds_client] time sync no longer converged
INFO  [uxrce_dds_client] time sync converged
WARN  [timesync] time jump detected. Resetting time synchroniser.
WARN  [uxrce_dds_client] time sync no longer converged
INFO  [uxrce_dds_client] time sync converged
WARN  [health_and_arming_checks] Preflight Fail: Yaw estimate error
WARN  [health_and_arming_checks] Preflight Fail: High Accelerometer Bias
WARN  [health_and_arming_checks] Preflight Fail: High Accelerometer Bias
WARN  [timesync] time jump detected. Resetting time synchroniser.
WARN  [uxrce_dds_client] time sync no longer converged
INFO  [uxrce_dds_client] time sync converged
WARN  [timesync] time jump detected. Resetting time synchroniser.
WARN  [uxrce_dds_client] time sync no longer converged
INFO  [uxrce_dds_client] time sync converged
WARN  [timesync] time jump detected. Resetting time synchroniser.
WARN  [uxrce_dds_client] time sync no longer converged
INFO  [uxrce_dds_client] time sync converged
WARN  [timesync] time jump detected. Resetting time synchroniser.
WARN  [uxrce_dds_client] time sync no longer converged
INFO  [uxrce_dds_client] time sync converged
WARN  [timesync] time jump detected. Resetting time synchroniser.
WARN  [uxrce_dds_client] time sync no longer converged
INFO  [uxrce_dds_client] time sync converged
WARN  [health_and_arming_checks] Preflight Fail: Yaw estimate error
WARN  [health_and_arming_checks] Preflight Fail: High Accelerometer Bias
WARN  [health_and_arming_checks] Preflight Fail: High Accelerometer Bias
WARN  [timesync] time jump detected. Resetting time synchroniser.
WARN  [uxrce_dds_client] time sync no longer converged
INFO  [uxrce_dds_client] time sync converged
WARN  [health_and_arming_checks] Preflight Fail: Yaw estimate error
WARN  [health_and_arming_checks] Preflight Fail: High Accelerometer Bias
WARN  [health_and_arming_checks] Preflight Fail: High Accelerometer Bias
WARN  [timesync] time jump detected. Resetting time synchroniser.
WARN  [uxrce_dds_client] time sync no longer converged
INFO  [uxrce_dds_client] time sync converged
WARN  [timesync] time jump detected. Resetting time synchroniser.
WARN  [uxrce_dds_client] time sync no longer converged
INFO  [uxrce_dds_client] time sync converged
WARN  [timesync] time jump detected. Resetting time synchroniser.
WARN  [uxrce_dds_client] time sync no longer converged
INFO  [uxrce_dds_client] time sync converged
WARN  [timesync] time jump detected. Resetting time synchroniser.
WARN  [uxrce_dds_client] time sync no longer converged
INFO  [uxrce_dds_client] time sync converged
WARN  [timesync] time jump detected. Resetting time synchroniser.
WARN  [uxrce_dds_client] time sync no longer converged
WARN  [health_and_arming_checks] Preflight Fail: Yaw estimate error
WARN  [health_and_arming_checks] Preflight Fail: High Accelerometer Bias
INFO  [uxrce_dds_client] time sync converged
WARN  [health_and_arming_checks] Preflight Fail: High Accelerometer Bias
WARN  [health_and_arming_checks] Preflight Fail: Yaw estimate error
WARN  [health_and_arming_checks] Preflight Fail: High Accelerometer Bias
WARN  [health_and_arming_checks] Preflight Fail: High Accelerometer Bias
WARN  [timesync] time jump detected. Resetting time synchroniser.
WARN  [uxrce_dds_client] time sync no longer converged
INFO  [uxrce_dds_client] time sync converged
WARN  [timesync] time jump detected. Resetting time synchroniser.
WARN  [uxrce_dds_client] time sync no longer converged
INFO  [uxrce_dds_client] time sync converged
WARN  [timesync] time jump detected. Resetting time synchroniser.
WARN  [uxrce_dds_client] time sync no longer converged
INFO  [uxrce_dds_client] time sync converged
WARN  [health_and_arming_checks] Preflight Fail: Yaw estimate error
WARN  [health_and_arming_checks] Preflight Fail: High Accelerometer Bias
WARN  [health_and_arming_checks] Preflight Fail: High Accelerometer Bias
WARN  [timesync] time jump detected. Resetting time synchroniser.
WARN  [uxrce_dds_client] time sync no longer converged
INFO  [uxrce_dds_client] time sync converged
WARN  [timesync] time jump detected. Resetting time synchroniser.
WARN  [uxrce_dds_client] time sync no longer converged
WARN  [health_and_arming_checks] Preflight Fail: Yaw estimate error
WARN  [health_and_arming_checks] Preflight Fail: High Accelerometer Bias
INFO  [uxrce_dds_client] time sync converged
WARN  [health_and_arming_checks] Preflight Fail: High Accelerometer Bias
WARN  [health_and_arming_checks] Preflight Fail: High Accelerometer Bias
WARN  [timesync] time jump detected. Resetting time synchroniser.
WARN  [uxrce_dds_client] time sync no longer converged
INFO  [uxrce_dds_client] time sync converged
WARN  [health_and_arming_checks] Preflight Fail: Yaw estimate error
WARN  [health_and_arming_checks] Preflight Fail: High Accelerometer Bias
WARN  [health_and_arming_checks] Preflight Fail: High Accelerometer Bias
WARN  [timesync] time jump detected. Resetting time synchroniser.
WARN  [uxrce_dds_client] time sync no longer converged
INFO  [uxrce_dds_client] time sync converged
WARN  [timesync] time jump detected. Resetting time synchroniser.
WARN  [uxrce_dds_client] time sync no longer converged
INFO  [uxrce_dds_client] time sync converged
WARN  [timesync] time jump detected. Resetting time synchroniser.
WARN  [uxrce_dds_client] time sync no longer converged
INFO  [uxrce_dds_client] time sync converged
WARN  [timesync] time jump detected. Resetting time synchroniser.
WARN  [uxrce_dds_client] time sync no longer converged
INFO  [uxrce_dds_client] time sync converged
WARN  [timesync] time jump detected. Resetting time synchroniser.
WARN  [uxrce_dds_client] time sync no longer converged
INFO  [uxrce_dds_client] time sync converged
WARN  [timesync] time jump detected. Resetting time synchroniser.
WARN  [uxrce_dds_client] time sync no longer converged
INFO  [uxrce_dds_client] time sync converged
WARN  [timesync] time jump detected. Resetting time synchroniser.
WARN  [uxrce_dds_client] time sync no longer converged
INFO  [uxrce_dds_client] time sync converged
WARN  [timesync] time jump detected. Resetting time synchroniser.
WARN  [uxrce_dds_client] time sync no longer converged
INFO  [uxrce_dds_client] time sync converged
WARN  [timesync] time jump detected. Resetting time synchroniser.
WARN  [uxrce_dds_client] time sync no longer converged
INFO  [uxrce_dds_client] time sync converged
WARN  [timesync] time jump detected. Resetting time synchroniser.
WARN  [uxrce_dds_client] time sync no longer converged
INFO  [uxrce_dds_client] time sync converged
WARN  [timesync] time jump detected. Resetting time synchroniser.
WARN  [uxrce_dds_client] time sync no longer converged
INFO  [uxrce_dds_client] time sync converged
WARN  [timesync] time jump detected. Resetting time synchroniser.
WARN  [uxrce_dds_client] time sync no longer converged
INFO  [uxrce_dds_client] time sync converged
WARN  [timesync] time jump detected. Resetting time synchroniser.
WARN  [uxrce_dds_client] time sync no longer converged
INFO  [uxrce_dds_client] time sync converged
WARN  [timesync] time jump detected. Resetting time synchroniser.
WARN  [uxrce_dds_client] time sync no longer converged
INFO  [uxrce_dds_client] time sync converged
WARN  [health_and_arming_checks] Preflight Fail: Yaw estimate error
WARN  [health_and_arming_checks] Preflight Fail: High Accelerometer Bias
WARN  [health_and_arming_checks] Preflight Fail: High Accelerometer Bias
WARN  [timesync] time jump detected. Resetting time synchroniser.
WARN  [uxrce_dds_client] time sync no longer converged
INFO  [uxrce_dds_client] time sync converged
WARN  [health_and_arming_checks] Preflight Fail: Yaw estimate error
WARN  [health_and_arming_checks] Preflight Fail: High Accelerometer Bias
WARN  [health_and_arming_checks] Preflight Fail: High Accelerometer Bias
WARN  [health_and_arming_checks] Preflight Fail: Yaw estimate error
WARN  [health_and_arming_checks] Preflight Fail: High Accelerometer Bias
WARN  [health_and_arming_checks] Preflight Fail: High Accelerometer Bias
WARN  [timesync] time jump detected. Resetting time synchroniser.
WARN  [uxrce_dds_client] time sync no longer converged
INFO  [uxrce_dds_client] time sync converged
WARN  [timesync] time jump detected. Resetting time synchroniser.
WARN  [uxrce_dds_client] time sync no longer converged
INFO  [uxrce_dds_client] time sync converged
WARN  [health_and_arming_checks] Preflight Fail: Yaw estimate error
WARN  [health_and_arming_checks] Preflight Fail: High Accelerometer Bias
WARN  [health_and_arming_checks] Preflight Fail: High Accelerometer Bias
WARN  [timesync] time jump detected. Resetting time synchroniser.
WARN  [uxrce_dds_client] time sync no longer converged
INFO  [uxrce_dds_client] time sync converged
WARN  [health_and_arming_checks] Preflight Fail: Yaw estimate error
WARN  [health_and_arming_checks] Preflight Fail: High Accelerometer Bias
WARN  [health_and_arming_checks] Preflight Fail: High Accelerometer Bias
WARN  [timesync] time jump detected. Resetting time synchroniser.
WARN  [uxrce_dds_client] time sync no longer converged
INFO  [uxrce_dds_client] time sync converged
WARN  [health_and_arming_checks] Preflight Fail: Yaw estimate error
WARN  [health_and_arming_checks] Preflight Fail: High Accelerometer Bias
WARN  [health_and_arming_checks] Preflight Fail: High Accelerometer Bias
WARN  [timesync] time jump detected. Resetting time synchroniser.
WARN  [uxrce_dds_client] time sync no longer converged
INFO  [uxrce_dds_client] time sync converged
WARN  [health_and_arming_checks] Preflight Fail: Yaw estimate error
WARN  [health_and_arming_checks] Preflight Fail: High Accelerometer Bias
WARN  [health_and_arming_checks] Preflight Fail: High Accelerometer Bias
WARN  [health_and_arming_checks] Preflight Fail: High Accelerometer Bias
WARN  [timesync] time jump detected. Resetting time synchroniser.
WARN  [uxrce_dds_client] time sync no longer converged
INFO  [uxrce_dds_client] time sync converged
